This is pdfTeX, Version 3.141592653-2.6-1.40.26 (TeX Live 2024) (preloaded format=pdflatex 2024.8.30)  1 APR 2025 15:38
entering extended mode
 restricted \write18 enabled.
 %&-line parsing enabled.
**thesis.tex
(./thesis.tex
LaTeX2e <2023-11-01> patch level 1
L3 programming layer <2024-02-20>
(/usr/local/texlive/2024/texmf-dist/tex/latex/koma-script/scrartcl.cls
Document Class: scrartcl 2023/07/07 v3.41 KOMA-Script document class (article)
(/usr/local/texlive/2024/texmf-dist/tex/latex/koma-script/scrkbase.sty
Package: scrkbase 2023/07/07 v3.41 KOMA-Script package (KOMA-Script-dependent b
asics and keyval usage)

(/usr/local/texlive/2024/texmf-dist/tex/latex/koma-script/scrbase.sty
Package: scrbase 2023/07/07 v3.41 KOMA-Script package (KOMA-Script-independent 
basics and keyval usage)

(/usr/local/texlive/2024/texmf-dist/tex/latex/koma-script/scrlfile.sty
Package: scrlfile 2023/07/07 v3.41 KOMA-Script package (file load hooks)

(/usr/local/texlive/2024/texmf-dist/tex/latex/koma-script/scrlfile-hook.sty
Package: scrlfile-hook 2023/07/07 v3.41 KOMA-Script package (using LaTeX hooks)


(/usr/local/texlive/2024/texmf-dist/tex/latex/koma-script/scrlogo.sty
Package: scrlogo 2023/07/07 v3.41 KOMA-Script package (logo)
)))
(/usr/local/texlive/2024/texmf-dist/tex/latex/graphics/keyval.sty
Package: keyval 2022/05/29 v1.15 key=value parser (DPC)
\KV@toks@=\toks17
)
Applying: [2021/05/01] Usage of raw or classic option list on input line 252.
Already applied: [0000/00/00] Usage of raw or classic option list on input line
 368.
))
(/usr/local/texlive/2024/texmf-dist/tex/latex/koma-script/tocbasic.sty
Package: tocbasic 2023/07/07 v3.41 KOMA-Script package (handling toc-files)
\scr@dte@tocline@numberwidth=\skip48
\scr@dte@tocline@numbox=\box51
)
Package tocbasic Info: omitting babel extension for `toc'
(tocbasic)             because of feature `nobabel' available
(tocbasic)             for `toc' on input line 133.
Package scrartcl Info: You've used standard option `11pt'.
(scrartcl)             This is correct!
(scrartcl)             Internally I'm using `fontsize=11pt'.
(scrartcl)             If you'd like to set the option with \KOMAoptions,
(scrartcl)             you'd have to use `fontsize=11pt' there
(scrartcl)             instead of `11pt', too.


Class scrartcl Warning: You've used deprecated option `bigheadings'.
(scrartcl)              Usage of this option indicates an old document
(scrartcl)              and changes compatibility level using
(scrartcl)              `headings=big,version=first,
(scrartcl)              enabledeprecatedfontcommands' that may result
(scrartcl)              in further warnings.
(scrartcl)              If you don't want this, you should simply
(scrartcl)              replace option `bigheadings' by `headings=big'.

Class scrartcl Info: Switching compatibility level to `first'.

Class scrartcl Warning: Switching back to an old KOMA-Script release does
(scrartcl)              not mean, that KOMA-Script is fully compatible with
(scrartcl)              the old release. If you need full compatibility
(scrartcl)              to an old KOMA-Script release, you should use that
(scrartcl)              old KOMA-Script release. However, in that case you
(scrartcl)              could also need old releases of other packages and
(scrartcl)              even of the LaTeX kernel.
(scrartcl)              You should also note, that the KOMA-Script developers
(scrartcl)              refuse support for documents using `version=first'.
(scrartcl)              We recommend to eliminate all deprecated options
(scrartcl)              and commands. We also recommend to not use option
(scrartcl)              `version', i.e., with other values than `last'.


Class scrartcl Warning: deprecated option `enabledeprecatedfontcommands'.
(scrartcl)              Note, that this option was already depreacted when
(scrartcl)              it has been defined. Support for old font commands
(scrartcl)              has been removed from KOMA-Script more than one
(scrartcl)              decade ago. It is not recommended to use them any
(scrartcl)              longer. Therefore usage of this class option also
(scrartcl)              is not recommended.


Class scrartcl Warning: You've used deprecated option `idxtotoc'.
(scrartcl)              Usage of this option indicates an old document
(scrartcl)              and changes compatibility level using
(scrartcl)              `index=totoc,version=first,
(scrartcl)              enabledeprecatedfontcommands' that may result
(scrartcl)              in further warnings.
(scrartcl)              If you don't want this, you should simply
(scrartcl)              replace option `idxtotoc' by `index=totoc'.

Class scrartcl Info: Switching compatibility level to `first'.

Class scrartcl Warning: Switching back to an old KOMA-Script release does
(scrartcl)              not mean, that KOMA-Script is fully compatible with
(scrartcl)              the old release. If you need full compatibility
(scrartcl)              to an old KOMA-Script release, you should use that
(scrartcl)              old KOMA-Script release. However, in that case you
(scrartcl)              could also need old releases of other packages and
(scrartcl)              even of the LaTeX kernel.
(scrartcl)              You should also note, that the KOMA-Script developers
(scrartcl)              refuse support for documents using `version=first'.
(scrartcl)              We recommend to eliminate all deprecated options
(scrartcl)              and commands. We also recommend to not use option
(scrartcl)              `version', i.e., with other values than `last'.


Class scrartcl Warning: deprecated option `enabledeprecatedfontcommands'.
(scrartcl)              Note, that this option was already depreacted when
(scrartcl)              it has been defined. Support for old font commands
(scrartcl)              has been removed from KOMA-Script more than one
(scrartcl)              decade ago. It is not recommended to use them any
(scrartcl)              longer. Therefore usage of this class option also
(scrartcl)              is not recommended.


Class scrartcl Warning: You've used deprecated option `bibtotoc'.
(scrartcl)              Usage of this option indicates an old document
(scrartcl)              and changes compatibility level using
(scrartcl)              `bibliography=totoc,version=first,
(scrartcl)              enabledeprecatedfontcommands' that may result
(scrartcl)              in further warnings.
(scrartcl)              If you don't want this, you should simply
(scrartcl)              replace option `bibtotoc' by `bibliography=totoc'.

Class scrartcl Info: Switching compatibility level to `first'.

Class scrartcl Warning: Switching back to an old KOMA-Script release does
(scrartcl)              not mean, that KOMA-Script is fully compatible with
(scrartcl)              the old release. If you need full compatibility
(scrartcl)              to an old KOMA-Script release, you should use that
(scrartcl)              old KOMA-Script release. However, in that case you
(scrartcl)              could also need old releases of other packages and
(scrartcl)              even of the LaTeX kernel.
(scrartcl)              You should also note, that the KOMA-Script developers
(scrartcl)              refuse support for documents using `version=first'.
(scrartcl)              We recommend to eliminate all deprecated options
(scrartcl)              and commands. We also recommend to not use option
(scrartcl)              `version', i.e., with other values than `last'.


Class scrartcl Warning: deprecated option `enabledeprecatedfontcommands'.
(scrartcl)              Note, that this option was already depreacted when
(scrartcl)              it has been defined. Support for old font commands
(scrartcl)              has been removed from KOMA-Script more than one
(scrartcl)              decade ago. It is not recommended to use them any
(scrartcl)              longer. Therefore usage of this class option also
(scrartcl)              is not recommended.


Class scrartcl Warning: You've used deprecated option `halfparskip'.
(scrartcl)              Usage of this option indicates an old document
(scrartcl)              and changes compatibility level using
(scrartcl)              `parskip=half,version=first,
(scrartcl)              enabledeprecatedfontcommands' that may result
(scrartcl)              in further warnings.
(scrartcl)              If you don't want this, you should simply
(scrartcl)              replace option `halfparskip' by `parskip=half'.

Class scrartcl Info: Switching compatibility level to `first'.

Class scrartcl Warning: Switching back to an old KOMA-Script release does
(scrartcl)              not mean, that KOMA-Script is fully compatible with
(scrartcl)              the old release. If you need full compatibility
(scrartcl)              to an old KOMA-Script release, you should use that
(scrartcl)              old KOMA-Script release. However, in that case you
(scrartcl)              could also need old releases of other packages and
(scrartcl)              even of the LaTeX kernel.
(scrartcl)              You should also note, that the KOMA-Script developers
(scrartcl)              refuse support for documents using `version=first'.
(scrartcl)              We recommend to eliminate all deprecated options
(scrartcl)              and commands. We also recommend to not use option
(scrartcl)              `version', i.e., with other values than `last'.


Class scrartcl Warning: deprecated option `enabledeprecatedfontcommands'.
(scrartcl)              Note, that this option was already depreacted when
(scrartcl)              it has been defined. Support for old font commands
(scrartcl)              has been removed from KOMA-Script more than one
(scrartcl)              decade ago. It is not recommended to use them any
(scrartcl)              longer. Therefore usage of this class option also
(scrartcl)              is not recommended.


Class scrartcl Warning: You've used deprecated option `cleardoubleempty'.
(scrartcl)              Usage of this option indicates an old document
(scrartcl)              and changes compatibility level using
(scrartcl)              `cleardoublepage=empty,version=first,
(scrartcl)              enabledeprecatedfontcommands' that may result
(scrartcl)              in further warnings.
(scrartcl)              If you don't want this, you should simply
(scrartcl)              replace option `cleardoubleempty' by `cleardoublepage=e
mpty'.

Class scrartcl Info: Switching compatibility level to `first'.

Class scrartcl Warning: Switching back to an old KOMA-Script release does
(scrartcl)              not mean, that KOMA-Script is fully compatible with
(scrartcl)              the old release. If you need full compatibility
(scrartcl)              to an old KOMA-Script release, you should use that
(scrartcl)              old KOMA-Script release. However, in that case you
(scrartcl)              could also need old releases of other packages and
(scrartcl)              even of the LaTeX kernel.
(scrartcl)              You should also note, that the KOMA-Script developers
(scrartcl)              refuse support for documents using `version=first'.
(scrartcl)              We recommend to eliminate all deprecated options
(scrartcl)              and commands. We also recommend to not use option
(scrartcl)              `version', i.e., with other values than `last'.


Class scrartcl Warning: deprecated option `enabledeprecatedfontcommands'.
(scrartcl)              Note, that this option was already depreacted when
(scrartcl)              it has been defined. Support for old font commands
(scrartcl)              has been removed from KOMA-Script more than one
(scrartcl)              decade ago. It is not recommended to use them any
(scrartcl)              longer. Therefore usage of this class option also
(scrartcl)              is not recommended.

Class scrartcl Info: You've used standard option `oneside'.
(scrartcl)           This is correct!
(scrartcl)           Internally I'm using `twoside=false'.
(scrartcl)           If you'd like to set the option with \KOMAoptions,
(scrartcl)           you'd have to use `twoside=false' there
(scrartcl)           instead of `oneside', too.
Class scrartcl Info: File `scrsize11pt.clo' used to setup font sizes on input l
ine 2441.
(/usr/local/texlive/2024/texmf-dist/tex/latex/koma-script/scrsize11pt.clo
File: scrsize11pt.clo 2023/07/07 v3.41 KOMA-Script font size class option (11pt
)
)
(/usr/local/texlive/2024/texmf-dist/tex/latex/koma-script/typearea.sty
Package: typearea 2023/07/07 v3.41 KOMA-Script package (type area)
\ta@bcor=\skip49
\ta@div=\count188
Package typearea Info: You've used standard option `a4paper'.
(typearea)             This is correct!
(typearea)             Internally I'm using `paper=a4'.
(typearea)             If you'd like to set the option with \KOMAoptions,
(typearea)             you'd have to use `paper=a4' there
(typearea)             instead of `a4paper', too.
Package typearea Info: You've used standard option `oneside'.
(typearea)             This is correct!
(typearea)             Internally I'm using `twoside=false'.
(typearea)             If you'd like to set the option with \KOMAoptions,
(typearea)             you'd have to use `twoside=false' there
(typearea)             instead of `oneside', too.
\ta@hblk=\skip50
\ta@vblk=\skip51
\ta@temp=\skip52
\footheight=\skip53
Package typearea Info: These are the values describing the layout:
(typearea)             DIV  = 11
(typearea)             BCOR = 0.0pt
(typearea)             \paperwidth      = 597.50793pt
(typearea)              \textwidth      = 434.55125pt
(typearea)              DIV departure   = -10%
(typearea)              \evensidemargin = 9.20834pt
(typearea)              \oddsidemargin  = 9.20834pt
(typearea)             \paperheight     = 845.04694pt
(typearea)              \textheight     = 623.00027pt
(typearea)              \topmargin      = -32.84755pt
(typearea)              \headheight     = 17.0pt
(typearea)              \headsep        = 20.40001pt
(typearea)              \topskip        = 11.0pt
(typearea)              \footskip       = 47.6pt
(typearea)              \baselineskip   = 13.6pt
(typearea)              on input line 1799.
)
\c@part=\count189
\c@section=\count190
\c@subsection=\count191
\c@subsubsection=\count192
\c@paragraph=\count193
\c@subparagraph=\count194
\scr@dte@section@maxnumwidth=\skip54
Class scrartcl Info: using compatibility default `runin=bysign'
(scrartcl)           for `\section on input line 5082.
Class scrartcl Info: using compatibility default `afterindent=bysign'
(scrartcl)           for `\section on input line 5082.
\scr@dte@part@maxnumwidth=\skip55
Class scrartcl Info: using compatibility default `afterindent=false'
(scrartcl)           for `\part on input line 5090.
\scr@dte@subsection@maxnumwidth=\skip56
Class scrartcl Info: using compatibility default `runin=bysign'
(scrartcl)           for `\subsection on input line 5100.
Class scrartcl Info: using compatibility default `afterindent=bysign'
(scrartcl)           for `\subsection on input line 5100.
\scr@dte@subsubsection@maxnumwidth=\skip57
Class scrartcl Info: using compatibility default `runin=bysign'
(scrartcl)           for `\subsubsection on input line 5110.
Class scrartcl Info: using compatibility default `afterindent=bysign'
(scrartcl)           for `\subsubsection on input line 5110.
\scr@dte@paragraph@maxnumwidth=\skip58
Class scrartcl Info: using compatibility default `runin=bysign'
(scrartcl)           for `\paragraph on input line 5121.
Class scrartcl Info: using compatibility default `afterindent=bysign'
(scrartcl)           for `\paragraph on input line 5121.
\scr@dte@subparagraph@maxnumwidth=\skip59
Class scrartcl Info: using compatibility default `runin=bysign'
(scrartcl)           for `\subparagraph on input line 5131.
Class scrartcl Info: using compatibility default `afterindent=bysign'
(scrartcl)           for `\subparagraph on input line 5131.
\abovecaptionskip=\skip60
\belowcaptionskip=\skip61
\c@pti@nb@sid@b@x=\box52
Package tocbasic Info: omitting babel extension for `lof'
(tocbasic)             because of feature `nobabel' available
(tocbasic)             for `lof' on input line 6309.
\scr@dte@figure@maxnumwidth=\skip62
\c@figure=\count195
Package tocbasic Info: omitting babel extension for `lot'
(tocbasic)             because of feature `nobabel' available
(tocbasic)             for `lot' on input line 6325.
\scr@dte@table@maxnumwidth=\skip63
\c@table=\count196
Class scrartcl Info: Using old \@makefntext due to compatibility level
(scrartcl)           less than 3.22 on input line 6482.
Class scrartcl Info: Redefining `\numberline' on input line 6495.
\bibindent=\dimen140
)
(/usr/local/texlive/2024/texmf-dist/tex/latex/makecell/makecell.sty
Package: makecell 2009/08/03 V0.1e Managing of Tab Column Heads and Cells

(/usr/local/texlive/2024/texmf-dist/tex/latex/tools/array.sty
Package: array 2023/10/16 v2.5g Tabular extension package (FMi)
\col@sep=\dimen141
\ar@mcellbox=\box53
\extrarowheight=\dimen142
\NC@list=\toks18
\extratabsurround=\skip64
\backup@length=\skip65
\ar@cellbox=\box54
)
\rotheadsize=\dimen143
\c@nlinenum=\count197
\TeXr@lab=\toks19
)
(/usr/local/texlive/2024/texmf-dist/tex/generic/babel/babel.sty
Package: babel 2024/02/07 v24.2 The Babel package
\babel@savecnt=\count198
\U@D=\dimen144
\l@unhyphenated=\language89

(/usr/local/texlive/2024/texmf-dist/tex/generic/babel/txtbabel.def)
\bbl@readstream=\read2
\bbl@dirlevel=\count199

(/usr/local/texlive/2024/texmf-dist/tex/generic/babel-english/english.ldf
Language: english 2017/06/06 v3.3r English support from the babel system
Package babel Info: Hyphen rules for 'canadian' set to \l@english
(babel)             (\language0). Reported on input line 102.
Package babel Info: Hyphen rules for 'australian' set to \l@ukenglish
(babel)             (\language23). Reported on input line 105.
Package babel Info: Hyphen rules for 'newzealand' set to \l@ukenglish
(babel)             (\language23). Reported on input line 108.
))
(/usr/local/texlive/2024/texmf-dist/tex/generic/babel/locale/en/babel-english.t
ex
Package babel Info: Importing font and identification data for english
(babel)             from babel-en.ini. Reported on input line 11.
) (/usr/local/texlive/2024/texmf-dist/tex/latex/base/fontenc.sty
Package: fontenc 2021/04/29 v2.0v Standard LaTeX package
)
(/usr/local/texlive/2024/texmf-dist/tex/latex/base/inputenc.sty
Package: inputenc 2021/02/14 v1.3d Input encoding file
\inpenc@prehook=\toks20
\inpenc@posthook=\toks21
)
(/usr/local/texlive/2024/texmf-dist/tex/latex/graphics/graphicx.sty
Package: graphicx 2021/09/16 v1.2d Enhanced LaTeX Graphics (DPC,SPQR)

(/usr/local/texlive/2024/texmf-dist/tex/latex/graphics/graphics.sty
Package: graphics 2022/03/10 v1.4e Standard LaTeX Graphics (DPC,SPQR)

(/usr/local/texlive/2024/texmf-dist/tex/latex/graphics/trig.sty
Package: trig 2021/08/11 v1.11 sin cos tan (DPC)
)
(/usr/local/texlive/2024/texmf-dist/tex/latex/graphics-cfg/graphics.cfg
File: graphics.cfg 2016/06/04 v1.11 sample graphics configuration
)
Package graphics Info: Driver file: pdftex.def on input line 107.

(/usr/local/texlive/2024/texmf-dist/tex/latex/graphics-def/pdftex.def
File: pdftex.def 2022/09/22 v1.2b Graphics/color driver for pdftex
))
\Gin@req@height=\dimen145
\Gin@req@width=\dimen146
)
(/usr/local/texlive/2024/texmf-dist/tex/latex/pgf/frontendlayer/tikz.sty
(/usr/local/texlive/2024/texmf-dist/tex/latex/pgf/basiclayer/pgf.sty
(/usr/local/texlive/2024/texmf-dist/tex/latex/pgf/utilities/pgfrcs.sty
(/usr/local/texlive/2024/texmf-dist/tex/generic/pgf/utilities/pgfutil-common.te
x
\pgfutil@everybye=\toks22
\pgfutil@tempdima=\dimen147
\pgfutil@tempdimb=\dimen148
)
(/usr/local/texlive/2024/texmf-dist/tex/generic/pgf/utilities/pgfutil-latex.def
\pgfutil@abb=\box55
) (/usr/local/texlive/2024/texmf-dist/tex/generic/pgf/utilities/pgfrcs.code.tex
(/usr/local/texlive/2024/texmf-dist/tex/generic/pgf/pgf.revision.tex)
Package: pgfrcs 2023-01-15 v3.1.10 (3.1.10)
))
Package: pgf 2023-01-15 v3.1.10 (3.1.10)

(/usr/local/texlive/2024/texmf-dist/tex/latex/pgf/basiclayer/pgfcore.sty
(/usr/local/texlive/2024/texmf-dist/tex/latex/pgf/systemlayer/pgfsys.sty
(/usr/local/texlive/2024/texmf-dist/tex/generic/pgf/systemlayer/pgfsys.code.tex
Package: pgfsys 2023-01-15 v3.1.10 (3.1.10)
(/usr/local/texlive/2024/texmf-dist/tex/generic/pgf/utilities/pgfkeys.code.tex
\pgfkeys@pathtoks=\toks23
\pgfkeys@temptoks=\toks24

(/usr/local/texlive/2024/texmf-dist/tex/generic/pgf/utilities/pgfkeyslibraryfil
tered.code.tex
\pgfkeys@tmptoks=\toks25
))
\pgf@x=\dimen149
\pgf@y=\dimen150
\pgf@xa=\dimen151
\pgf@ya=\dimen152
\pgf@xb=\dimen153
\pgf@yb=\dimen154
\pgf@xc=\dimen155
\pgf@yc=\dimen156
\pgf@xd=\dimen157
\pgf@yd=\dimen158
\w@pgf@writea=\write3
\r@pgf@reada=\read3
\c@pgf@counta=\count266
\c@pgf@countb=\count267
\c@pgf@countc=\count268
\c@pgf@countd=\count269
\t@pgf@toka=\toks26
\t@pgf@tokb=\toks27
\t@pgf@tokc=\toks28
\pgf@sys@id@count=\count270

(/usr/local/texlive/2024/texmf-dist/tex/generic/pgf/systemlayer/pgf.cfg
File: pgf.cfg 2023-01-15 v3.1.10 (3.1.10)
)
Driver file for pgf: pgfsys-pdftex.def

(/usr/local/texlive/2024/texmf-dist/tex/generic/pgf/systemlayer/pgfsys-pdftex.d
ef
File: pgfsys-pdftex.def 2023-01-15 v3.1.10 (3.1.10)

(/usr/local/texlive/2024/texmf-dist/tex/generic/pgf/systemlayer/pgfsys-common-p
df.def
File: pgfsys-common-pdf.def 2023-01-15 v3.1.10 (3.1.10)
)))
(/usr/local/texlive/2024/texmf-dist/tex/generic/pgf/systemlayer/pgfsyssoftpath.
code.tex
File: pgfsyssoftpath.code.tex 2023-01-15 v3.1.10 (3.1.10)
\pgfsyssoftpath@smallbuffer@items=\count271
\pgfsyssoftpath@bigbuffer@items=\count272
)
(/usr/local/texlive/2024/texmf-dist/tex/generic/pgf/systemlayer/pgfsysprotocol.
code.tex
File: pgfsysprotocol.code.tex 2023-01-15 v3.1.10 (3.1.10)
)) (/usr/local/texlive/2024/texmf-dist/tex/latex/xcolor/xcolor.sty
Package: xcolor 2023/11/15 v3.01 LaTeX color extensions (UK)

(/usr/local/texlive/2024/texmf-dist/tex/latex/graphics-cfg/color.cfg
File: color.cfg 2016/01/02 v1.6 sample color configuration
)
Package xcolor Info: Driver file: pdftex.def on input line 274.

(/usr/local/texlive/2024/texmf-dist/tex/latex/graphics/mathcolor.ltx)
Package xcolor Info: Model `cmy' substituted by `cmy0' on input line 1350.
Package xcolor Info: Model `hsb' substituted by `rgb' on input line 1354.
Package xcolor Info: Model `RGB' extended on input line 1366.
Package xcolor Info: Model `HTML' substituted by `rgb' on input line 1368.
Package xcolor Info: Model `Hsb' substituted by `hsb' on input line 1369.
Package xcolor Info: Model `tHsb' substituted by `hsb' on input line 1370.
Package xcolor Info: Model `HSB' substituted by `hsb' on input line 1371.
Package xcolor Info: Model `Gray' substituted by `gray' on input line 1372.
Package xcolor Info: Model `wave' substituted by `hsb' on input line 1373.
)
(/usr/local/texlive/2024/texmf-dist/tex/generic/pgf/basiclayer/pgfcore.code.tex
Package: pgfcore 2023-01-15 v3.1.10 (3.1.10)
(/usr/local/texlive/2024/texmf-dist/tex/generic/pgf/math/pgfmath.code.tex
(/usr/local/texlive/2024/texmf-dist/tex/generic/pgf/math/pgfmathutil.code.tex)
(/usr/local/texlive/2024/texmf-dist/tex/generic/pgf/math/pgfmathparser.code.tex
\pgfmath@dimen=\dimen159
\pgfmath@count=\count273
\pgfmath@box=\box56
\pgfmath@toks=\toks29
\pgfmath@stack@operand=\toks30
\pgfmath@stack@operation=\toks31
)
(/usr/local/texlive/2024/texmf-dist/tex/generic/pgf/math/pgfmathfunctions.code.
tex)
(/usr/local/texlive/2024/texmf-dist/tex/generic/pgf/math/pgfmathfunctions.basic
.code.tex)
(/usr/local/texlive/2024/texmf-dist/tex/generic/pgf/math/pgfmathfunctions.trigo
nometric.code.tex)
(/usr/local/texlive/2024/texmf-dist/tex/generic/pgf/math/pgfmathfunctions.rando
m.code.tex)
(/usr/local/texlive/2024/texmf-dist/tex/generic/pgf/math/pgfmathfunctions.compa
rison.code.tex)
(/usr/local/texlive/2024/texmf-dist/tex/generic/pgf/math/pgfmathfunctions.base.
code.tex)
(/usr/local/texlive/2024/texmf-dist/tex/generic/pgf/math/pgfmathfunctions.round
.code.tex)
(/usr/local/texlive/2024/texmf-dist/tex/generic/pgf/math/pgfmathfunctions.misc.
code.tex)
(/usr/local/texlive/2024/texmf-dist/tex/generic/pgf/math/pgfmathfunctions.integ
erarithmetics.code.tex)
(/usr/local/texlive/2024/texmf-dist/tex/generic/pgf/math/pgfmathcalc.code.tex)
(/usr/local/texlive/2024/texmf-dist/tex/generic/pgf/math/pgfmathfloat.code.tex
\c@pgfmathroundto@lastzeros=\count274
)) (/usr/local/texlive/2024/texmf-dist/tex/generic/pgf/math/pgfint.code.tex)
(/usr/local/texlive/2024/texmf-dist/tex/generic/pgf/basiclayer/pgfcorepoints.co
de.tex
File: pgfcorepoints.code.tex 2023-01-15 v3.1.10 (3.1.10)
\pgf@picminx=\dimen160
\pgf@picmaxx=\dimen161
\pgf@picminy=\dimen162
\pgf@picmaxy=\dimen163
\pgf@pathminx=\dimen164
\pgf@pathmaxx=\dimen165
\pgf@pathminy=\dimen166
\pgf@pathmaxy=\dimen167
\pgf@xx=\dimen168
\pgf@xy=\dimen169
\pgf@yx=\dimen170
\pgf@yy=\dimen171
\pgf@zx=\dimen172
\pgf@zy=\dimen173
)
(/usr/local/texlive/2024/texmf-dist/tex/generic/pgf/basiclayer/pgfcorepathconst
ruct.code.tex
File: pgfcorepathconstruct.code.tex 2023-01-15 v3.1.10 (3.1.10)
\pgf@path@lastx=\dimen174
\pgf@path@lasty=\dimen175
)
(/usr/local/texlive/2024/texmf-dist/tex/generic/pgf/basiclayer/pgfcorepathusage
.code.tex
File: pgfcorepathusage.code.tex 2023-01-15 v3.1.10 (3.1.10)
\pgf@shorten@end@additional=\dimen176
\pgf@shorten@start@additional=\dimen177
)
(/usr/local/texlive/2024/texmf-dist/tex/generic/pgf/basiclayer/pgfcorescopes.co
de.tex
File: pgfcorescopes.code.tex 2023-01-15 v3.1.10 (3.1.10)
\pgfpic=\box57
\pgf@hbox=\box58
\pgf@layerbox@main=\box59
\pgf@picture@serial@count=\count275
)
(/usr/local/texlive/2024/texmf-dist/tex/generic/pgf/basiclayer/pgfcoregraphicst
ate.code.tex
File: pgfcoregraphicstate.code.tex 2023-01-15 v3.1.10 (3.1.10)
\pgflinewidth=\dimen178
)
(/usr/local/texlive/2024/texmf-dist/tex/generic/pgf/basiclayer/pgfcoretransform
ations.code.tex
File: pgfcoretransformations.code.tex 2023-01-15 v3.1.10 (3.1.10)
\pgf@pt@x=\dimen179
\pgf@pt@y=\dimen180
\pgf@pt@temp=\dimen181
)
(/usr/local/texlive/2024/texmf-dist/tex/generic/pgf/basiclayer/pgfcorequick.cod
e.tex
File: pgfcorequick.code.tex 2023-01-15 v3.1.10 (3.1.10)
)
(/usr/local/texlive/2024/texmf-dist/tex/generic/pgf/basiclayer/pgfcoreobjects.c
ode.tex
File: pgfcoreobjects.code.tex 2023-01-15 v3.1.10 (3.1.10)
)
(/usr/local/texlive/2024/texmf-dist/tex/generic/pgf/basiclayer/pgfcorepathproce
ssing.code.tex
File: pgfcorepathprocessing.code.tex 2023-01-15 v3.1.10 (3.1.10)
)
(/usr/local/texlive/2024/texmf-dist/tex/generic/pgf/basiclayer/pgfcorearrows.co
de.tex
File: pgfcorearrows.code.tex 2023-01-15 v3.1.10 (3.1.10)
\pgfarrowsep=\dimen182
)
(/usr/local/texlive/2024/texmf-dist/tex/generic/pgf/basiclayer/pgfcoreshade.cod
e.tex
File: pgfcoreshade.code.tex 2023-01-15 v3.1.10 (3.1.10)
\pgf@max=\dimen183
\pgf@sys@shading@range@num=\count276
\pgf@shadingcount=\count277
)
(/usr/local/texlive/2024/texmf-dist/tex/generic/pgf/basiclayer/pgfcoreimage.cod
e.tex
File: pgfcoreimage.code.tex 2023-01-15 v3.1.10 (3.1.10)
)
(/usr/local/texlive/2024/texmf-dist/tex/generic/pgf/basiclayer/pgfcoreexternal.
code.tex
File: pgfcoreexternal.code.tex 2023-01-15 v3.1.10 (3.1.10)
\pgfexternal@startupbox=\box60
)
(/usr/local/texlive/2024/texmf-dist/tex/generic/pgf/basiclayer/pgfcorelayers.co
de.tex
File: pgfcorelayers.code.tex 2023-01-15 v3.1.10 (3.1.10)
)
(/usr/local/texlive/2024/texmf-dist/tex/generic/pgf/basiclayer/pgfcoretranspare
ncy.code.tex
File: pgfcoretransparency.code.tex 2023-01-15 v3.1.10 (3.1.10)
)
(/usr/local/texlive/2024/texmf-dist/tex/generic/pgf/basiclayer/pgfcorepatterns.
code.tex
File: pgfcorepatterns.code.tex 2023-01-15 v3.1.10 (3.1.10)
)
(/usr/local/texlive/2024/texmf-dist/tex/generic/pgf/basiclayer/pgfcorerdf.code.
tex
File: pgfcorerdf.code.tex 2023-01-15 v3.1.10 (3.1.10)
)))
(/usr/local/texlive/2024/texmf-dist/tex/generic/pgf/modules/pgfmoduleshapes.cod
e.tex
File: pgfmoduleshapes.code.tex 2023-01-15 v3.1.10 (3.1.10)
\pgfnodeparttextbox=\box61
)
(/usr/local/texlive/2024/texmf-dist/tex/generic/pgf/modules/pgfmoduleplot.code.
tex
File: pgfmoduleplot.code.tex 2023-01-15 v3.1.10 (3.1.10)
)
(/usr/local/texlive/2024/texmf-dist/tex/latex/pgf/compatibility/pgfcomp-version
-0-65.sty
Package: pgfcomp-version-0-65 2023-01-15 v3.1.10 (3.1.10)
\pgf@nodesepstart=\dimen184
\pgf@nodesepend=\dimen185
)
(/usr/local/texlive/2024/texmf-dist/tex/latex/pgf/compatibility/pgfcomp-version
-1-18.sty
Package: pgfcomp-version-1-18 2023-01-15 v3.1.10 (3.1.10)
))
(/usr/local/texlive/2024/texmf-dist/tex/latex/pgf/utilities/pgffor.sty
(/usr/local/texlive/2024/texmf-dist/tex/latex/pgf/utilities/pgfkeys.sty
(/usr/local/texlive/2024/texmf-dist/tex/generic/pgf/utilities/pgfkeys.code.tex)
) (/usr/local/texlive/2024/texmf-dist/tex/latex/pgf/math/pgfmath.sty
(/usr/local/texlive/2024/texmf-dist/tex/generic/pgf/math/pgfmath.code.tex))
(/usr/local/texlive/2024/texmf-dist/tex/generic/pgf/utilities/pgffor.code.tex
Package: pgffor 2023-01-15 v3.1.10 (3.1.10)
\pgffor@iter=\dimen186
\pgffor@skip=\dimen187
\pgffor@stack=\toks32
\pgffor@toks=\toks33
))
(/usr/local/texlive/2024/texmf-dist/tex/generic/pgf/frontendlayer/tikz/tikz.cod
e.tex
Package: tikz 2023-01-15 v3.1.10 (3.1.10)

(/usr/local/texlive/2024/texmf-dist/tex/generic/pgf/libraries/pgflibraryplothan
dlers.code.tex
File: pgflibraryplothandlers.code.tex 2023-01-15 v3.1.10 (3.1.10)
\pgf@plot@mark@count=\count278
\pgfplotmarksize=\dimen188
)
\tikz@lastx=\dimen189
\tikz@lasty=\dimen190
\tikz@lastxsaved=\dimen191
\tikz@lastysaved=\dimen192
\tikz@lastmovetox=\dimen193
\tikz@lastmovetoy=\dimen194
\tikzleveldistance=\dimen195
\tikzsiblingdistance=\dimen196
\tikz@figbox=\box62
\tikz@figbox@bg=\box63
\tikz@tempbox=\box64
\tikz@tempbox@bg=\box65
\tikztreelevel=\count279
\tikznumberofchildren=\count280
\tikznumberofcurrentchild=\count281
\tikz@fig@count=\count282

(/usr/local/texlive/2024/texmf-dist/tex/generic/pgf/modules/pgfmodulematrix.cod
e.tex
File: pgfmodulematrix.code.tex 2023-01-15 v3.1.10 (3.1.10)
\pgfmatrixcurrentrow=\count283
\pgfmatrixcurrentcolumn=\count284
\pgf@matrix@numberofcolumns=\count285
)
\tikz@expandcount=\count286

(/usr/local/texlive/2024/texmf-dist/tex/generic/pgf/frontendlayer/tikz/librarie
s/tikzlibrarytopaths.code.tex
File: tikzlibrarytopaths.code.tex 2023-01-15 v3.1.10 (3.1.10)
)))
(/usr/local/texlive/2024/texmf-dist/tex/latex/caption/caption.sty
Package: caption 2023/08/05 v3.6o Customizing captions (AR)

(/usr/local/texlive/2024/texmf-dist/tex/latex/caption/caption3.sty
Package: caption3 2023/07/31 v2.4d caption3 kernel (AR)
\caption@tempdima=\dimen197
\captionmargin=\dimen198
\caption@leftmargin=\dimen199
\caption@rightmargin=\dimen256
\caption@width=\dimen257
\caption@indent=\dimen258
\caption@parindent=\dimen259
\caption@hangindent=\dimen260
Package caption Info: KOMA-Script document class detected.

(/usr/local/texlive/2024/texmf-dist/tex/latex/caption/caption-koma.sto
File: caption-koma.sto 2023/09/08 v2.0e Adaption of the caption package to the 
KOMA-Script document classes (AR)
))
\c@caption@flags=\count287
\c@continuedfloat=\count288
Package caption Info: KOMA-Script scrextend package detected.
\caption@addmargin@hsize=\dimen261
\caption@addmargin@linewidth=\dimen262
)
(/usr/local/texlive/2024/texmf-dist/tex/latex/float/float.sty
Package: float 2001/11/08 v1.3d Float enhancements (AL)
\c@float@type=\count289
\float@exts=\toks34
\float@box=\box66
\@float@everytoks=\toks35
\@floatcapt=\box67
)
(/usr/local/texlive/2024/texmf-dist/tex/latex/wrapfig/wrapfig.sty
\wrapoverhang=\dimen263
\WF@size=\dimen264
\c@WF@wrappedlines=\count290
\WF@box=\box68
\WF@everypar=\toks36
Package: wrapfig 2003/01/31  v 3.6
)
(/usr/local/texlive/2024/texmf-dist/tex/latex/geometry/geometry.sty
Package: geometry 2020/01/02 v5.9 Page Geometry

(/usr/local/texlive/2024/texmf-dist/tex/generic/iftex/ifvtex.sty
Package: ifvtex 2019/10/25 v1.7 ifvtex legacy package. Use iftex instead.

(/usr/local/texlive/2024/texmf-dist/tex/generic/iftex/iftex.sty
Package: iftex 2022/02/03 v1.0f TeX engine tests
))
\Gm@cnth=\count291
\Gm@cntv=\count292
\c@Gm@tempcnt=\count293
\Gm@bindingoffset=\dimen265
\Gm@wd@mp=\dimen266
\Gm@odd@mp=\dimen267
\Gm@even@mp=\dimen268
\Gm@layoutwidth=\dimen269
\Gm@layoutheight=\dimen270
\Gm@layouthoffset=\dimen271
\Gm@layoutvoffset=\dimen272
\Gm@dimlist=\toks37
)
(/usr/local/texlive/2024/texmf-dist/tex/latex/blindtext/blindtext.sty
Package: blindtext 2012/01/06 V2.0 blindtext-Package

(/usr/local/texlive/2024/texmf-dist/tex/latex/tools/xspace.sty
Package: xspace 2014/10/28 v1.13 Space after command names (DPC,MH)
)
\c@blindtext=\count294
\c@Blindtext=\count295
\c@blind@countparstart=\count296
\blind@countxx=\count297
\blindtext@numBlindtext=\count298
\blind@countyy=\count299
\c@blindlist=\count300
\c@blindlistlevel=\count301
\c@blindlist@level=\count302
\blind@listitem=\count303
\c@blind@listcount=\count304
\c@blind@levelcount=\count305
\blind@mathformula=\count306
\blind@Mathformula=\count307
\c@blind@randomcount=\count308
\c@blind@randommax=\count309
\c@blind@pangramcount=\count310
\c@blind@pangrammax=\count311
)
(/usr/local/texlive/2024/texmf-dist/tex/latex/tools/layout.sty
Package: layout 2023-08-20 v1.2e Show layout parameters
\oneinch=\count312
\cnt@paperwidth=\count313
\cnt@paperheight=\count314
\cnt@hoffset=\count315
\cnt@voffset=\count316
\cnt@textheight=\count317
\cnt@textwidth=\count318
\cnt@topmargin=\count319
\cnt@oddsidemargin=\count320
\cnt@evensidemargin=\count321
\cnt@headheight=\count322
\cnt@headsep=\count323
\cnt@marginparsep=\count324
\cnt@marginparwidth=\count325
\cnt@marginparpush=\count326
\cnt@footskip=\count327
\fheight=\count328
\ref@top=\count329
\ref@hoffset=\count330
\ref@voffset=\count331
\ref@head=\count332
\ref@body=\count333
\ref@foot=\count334
\ref@margin=\count335
\ref@marginwidth=\count336
\ref@marginpar=\count337
\Interval=\count338
\ExtraYPos=\count339
\PositionX=\count340
\PositionY=\count341
\ArrowLength=\count342
)
(/usr/local/texlive/2024/texmf-dist/tex/latex/hyperref/hyperref.sty
Package: hyperref 2024-01-20 v7.01h Hypertext links for LaTeX

(/usr/local/texlive/2024/texmf-dist/tex/latex/kvsetkeys/kvsetkeys.sty
Package: kvsetkeys 2022-10-05 v1.19 Key value parser (HO)
)
(/usr/local/texlive/2024/texmf-dist/tex/generic/kvdefinekeys/kvdefinekeys.sty
Package: kvdefinekeys 2019-12-19 v1.6 Define keys (HO)
)
(/usr/local/texlive/2024/texmf-dist/tex/generic/pdfescape/pdfescape.sty
Package: pdfescape 2019/12/09 v1.15 Implements pdfTeX's escape features (HO)

(/usr/local/texlive/2024/texmf-dist/tex/generic/ltxcmds/ltxcmds.sty
Package: ltxcmds 2023-12-04 v1.26 LaTeX kernel commands for general use (HO)
)
(/usr/local/texlive/2024/texmf-dist/tex/generic/pdftexcmds/pdftexcmds.sty
Package: pdftexcmds 2020-06-27 v0.33 Utility functions of pdfTeX for LuaTeX (HO
)

(/usr/local/texlive/2024/texmf-dist/tex/generic/infwarerr/infwarerr.sty
Package: infwarerr 2019/12/03 v1.5 Providing info/warning/error messages (HO)
)
Package pdftexcmds Info: \pdf@primitive is available.
Package pdftexcmds Info: \pdf@ifprimitive is available.
Package pdftexcmds Info: \pdfdraftmode found.
))
(/usr/local/texlive/2024/texmf-dist/tex/latex/hycolor/hycolor.sty
Package: hycolor 2020-01-27 v1.10 Color options for hyperref/bookmark (HO)
)
(/usr/local/texlive/2024/texmf-dist/tex/latex/auxhook/auxhook.sty
Package: auxhook 2019-12-17 v1.6 Hooks for auxiliary files (HO)
)
(/usr/local/texlive/2024/texmf-dist/tex/latex/hyperref/nameref.sty
Package: nameref 2023-11-26 v2.56 Cross-referencing by name of section

(/usr/local/texlive/2024/texmf-dist/tex/latex/refcount/refcount.sty
Package: refcount 2019/12/15 v3.6 Data extraction from label references (HO)
)
(/usr/local/texlive/2024/texmf-dist/tex/generic/gettitlestring/gettitlestring.s
ty
Package: gettitlestring 2019/12/15 v1.6 Cleanup title references (HO)
 (/usr/local/texlive/2024/texmf-dist/tex/latex/kvoptions/kvoptions.sty
Package: kvoptions 2022-06-15 v3.15 Key value format for package options (HO)
))
\c@section@level=\count343
)
(/usr/local/texlive/2024/texmf-dist/tex/latex/etoolbox/etoolbox.sty
Package: etoolbox 2020/10/05 v2.5k e-TeX tools for LaTeX (JAW)
\etb@tempcnta=\count344
)
\@linkdim=\dimen273
\Hy@linkcounter=\count345
\Hy@pagecounter=\count346

(/usr/local/texlive/2024/texmf-dist/tex/latex/hyperref/pd1enc.def
File: pd1enc.def 2024-01-20 v7.01h Hyperref: PDFDocEncoding definition (HO)
Now handling font encoding PD1 ...
... no UTF-8 mapping file for font encoding PD1
)
(/usr/local/texlive/2024/texmf-dist/tex/generic/intcalc/intcalc.sty
Package: intcalc 2019/12/15 v1.3 Expandable calculations with integers (HO)
)
\Hy@SavedSpaceFactor=\count347

(/usr/local/texlive/2024/texmf-dist/tex/latex/hyperref/puenc.def
File: puenc.def 2024-01-20 v7.01h Hyperref: PDF Unicode definition (HO)
Now handling font encoding PU ...
... no UTF-8 mapping file for font encoding PU
)
Package hyperref Info: Option `colorlinks' set `true' on input line 4062.
Package hyperref Info: Hyper figures OFF on input line 4179.
Package hyperref Info: Link nesting OFF on input line 4184.
Package hyperref Info: Hyper index ON on input line 4187.
Package hyperref Info: Plain pages OFF on input line 4194.
Package hyperref Info: Backreferencing OFF on input line 4199.
Package hyperref Info: Implicit mode ON; LaTeX internals redefined.
Package hyperref Info: Bookmarks ON on input line 4446.
\c@Hy@tempcnt=\count348

(/usr/local/texlive/2024/texmf-dist/tex/latex/url/url.sty
\Urlmuskip=\muskip16
Package: url 2013/09/16  ver 3.4  Verb mode for urls, etc.
)
LaTeX Info: Redefining \url on input line 4784.
\XeTeXLinkMargin=\dimen274

(/usr/local/texlive/2024/texmf-dist/tex/generic/bitset/bitset.sty
Package: bitset 2019/12/09 v1.3 Handle bit-vector datatype (HO)

(/usr/local/texlive/2024/texmf-dist/tex/generic/bigintcalc/bigintcalc.sty
Package: bigintcalc 2019/12/15 v1.5 Expandable calculations on big integers (HO
)
))
\Fld@menulength=\count349
\Field@Width=\dimen275
\Fld@charsize=\dimen276
Package hyperref Info: Hyper figures OFF on input line 6063.
Package hyperref Info: Link nesting OFF on input line 6068.
Package hyperref Info: Hyper index ON on input line 6071.
Package hyperref Info: backreferencing OFF on input line 6078.
Package hyperref Info: Link coloring ON on input line 6081.
Package hyperref Info: Link coloring with OCG OFF on input line 6088.
Package hyperref Info: PDF/A mode OFF on input line 6093.

(/usr/local/texlive/2024/texmf-dist/tex/latex/base/atbegshi-ltx.sty
Package: atbegshi-ltx 2021/01/10 v1.0c Emulation of the original atbegshi
package with kernel methods
)
\Hy@abspage=\count350
\c@Item=\count351
\c@Hfootnote=\count352
)
Package hyperref Info: Driver (autodetected): hpdftex.

(/usr/local/texlive/2024/texmf-dist/tex/latex/hyperref/hpdftex.def
File: hpdftex.def 2024-01-20 v7.01h Hyperref driver for pdfTeX

(/usr/local/texlive/2024/texmf-dist/tex/latex/base/atveryend-ltx.sty
Package: atveryend-ltx 2020/08/19 v1.0a Emulation of the original atveryend pac
kage
with kernel methods
)
\Fld@listcount=\count353
\c@bookmark@seq@number=\count354

(/usr/local/texlive/2024/texmf-dist/tex/latex/rerunfilecheck/rerunfilecheck.sty
Package: rerunfilecheck 2022-07-10 v1.10 Rerun checks for auxiliary files (HO)

(/usr/local/texlive/2024/texmf-dist/tex/generic/uniquecounter/uniquecounter.sty
Package: uniquecounter 2019/12/15 v1.4 Provide unlimited unique counter (HO)
)
Package uniquecounter Info: New unique counter `rerunfilecheck' on input line 2
85.
)
\Hy@SectionHShift=\skip66
) (/usr/local/texlive/2024/texmf-dist/tex/latex/natbib/natbib.sty
Package: natbib 2010/09/13 8.31b (PWD, AO)
\bibhang=\skip67
\bibsep=\skip68
LaTeX Info: Redefining \cite on input line 694.
\c@NAT@ctr=\count355
)
(/usr/local/texlive/2024/texmf-dist/tex/latex/pdfpages/pdfpages.sty
Package: pdfpages 2024/01/21 v0.5y Insert pages of external PDF documents (AM)

(/usr/local/texlive/2024/texmf-dist/tex/latex/base/ifthen.sty
Package: ifthen 2022/04/13 v1.1d Standard LaTeX ifthen package (DPC)
)
(/usr/local/texlive/2024/texmf-dist/tex/latex/tools/calc.sty
Package: calc 2023/07/08 v4.3 Infix arithmetic (KKT,FJ)
\calc@Acount=\count356
\calc@Bcount=\count357
\calc@Adimen=\dimen277
\calc@Bdimen=\dimen278
\calc@Askip=\skip69
\calc@Bskip=\skip70
LaTeX Info: Redefining \setlength on input line 80.
LaTeX Info: Redefining \addtolength on input line 81.
\calc@Ccount=\count358
\calc@Cskip=\skip71
)
(/usr/local/texlive/2024/texmf-dist/tex/latex/eso-pic/eso-pic.sty
Package: eso-pic 2023/05/03 v3.0c eso-pic (RN)
\ESO@tempdima=\dimen279
\ESO@tempdimb=\dimen280
)
\AM@pagewidth=\dimen281
\AM@pageheight=\dimen282
\AM@fboxrule=\dimen283

(/usr/local/texlive/2024/texmf-dist/tex/latex/pdfpages/pppdftex.def
File: pppdftex.def 2024/01/21 v0.5y Pdfpages driver for pdfTeX (AM)
)
\pdfpages@includegraphics@status=\count359
\AM@pagebox=\box69
\AM@global@opts=\toks38
\AM@pagecnt=\count360
\AM@toc@title=\toks39
\AM@lof@heading=\toks40
\c@AM@survey=\count361
\AM@templatesizebox=\box70
)
(/usr/local/texlive/2024/texmf-dist/tex/latex/setspace/setspace.sty
Package: setspace 2022/12/04 v6.7b set line spacing
)
(/usr/local/texlive/2024/texmf-dist/tex/latex/tools/longtable.sty
Package: longtable 2023-11-01 v4.19 Multi-page Table package (DPC)
\LTleft=\skip72
\LTright=\skip73
\LTpre=\skip74
\LTpost=\skip75
\LTchunksize=\count362
\LTcapwidth=\dimen284
\LT@head=\box71
\LT@firsthead=\box72
\LT@foot=\box73
\LT@lastfoot=\box74
\LT@gbox=\box75
\LT@cols=\count363
\LT@rows=\count364
\c@LT@tables=\count365
\c@LT@chunks=\count366
\LT@p@ftn=\toks41
)
Class scrartcl Info: longtable captions redefined on input line 55.

(/usr/local/texlive/2024/texmf-dist/tex/latex/multirow/multirow.sty
Package: multirow 2021/03/15 v2.8 Span multiple rows of a table
\multirow@colwidth=\skip76
\multirow@cntb=\count367
\multirow@dima=\skip77
\bigstrutjot=\dimen285
)
(/usr/local/texlive/2024/texmf-dist/tex/latex/colortbl/colortbl.sty
Package: colortbl 2024/02/20 v1.0g Color table columns (DPC)
\everycr=\toks42
\minrowclearance=\skip78
\rownum=\count368
)
(/usr/local/texlive/2024/texmf-dist/tex/latex/listings/listings.sty
\lst@mode=\count369
\lst@gtempboxa=\box76
\lst@token=\toks43
\lst@length=\count370
\lst@currlwidth=\dimen286
\lst@column=\count371
\lst@pos=\count372
\lst@lostspace=\dimen287
\lst@width=\dimen288
\lst@newlines=\count373
\lst@lineno=\count374
\lst@maxwidth=\dimen289

(/usr/local/texlive/2024/texmf-dist/tex/latex/listings/lstpatch.sty
File: lstpatch.sty 2024/02/21 1.10 (Carsten Heinz)
)
(/usr/local/texlive/2024/texmf-dist/tex/latex/listings/lstmisc.sty
File: lstmisc.sty 2024/02/21 1.10 (Carsten Heinz)
\c@lstnumber=\count375
\lst@skipnumbers=\count376
\lst@framebox=\box77
)
(/usr/local/texlive/2024/texmf-dist/tex/latex/listings/listings.cfg
File: listings.cfg 2024/02/21 1.10 listings configuration
))
Package: listings 2024/02/21 1.10 (Carsten Heinz)

(/usr/local/texlive/2024/texmf-dist/tex/latex/cascadia-code/cascadia-code.sty
Package: cascadia-code 2023/10/06 (Carl-Clemens Ebinger & autoinst) Style file 
for CascadiaCode fonts.

(/usr/local/texlive/2024/texmf-dist/tex/latex/xkeyval/xkeyval.sty
Package: xkeyval 2022/06/16 v2.9 package option processing (HA)

(/usr/local/texlive/2024/texmf-dist/tex/generic/xkeyval/xkeyval.tex
(/usr/local/texlive/2024/texmf-dist/tex/generic/xkeyval/xkvutils.tex
\XKV@toks=\toks44
\XKV@tempa@toks=\toks45
)
\XKV@depth=\count377
File: xkeyval.tex 2014/12/03 v2.7a key=value parser (HA)
))
(/usr/local/texlive/2024/texmf-dist/tex/latex/base/fontenc.sty
Package: fontenc 2021/04/29 v2.0v Standard LaTeX package
)
(/usr/local/texlive/2024/texmf-dist/tex/latex/base/textcomp.sty
Package: textcomp 2020/02/02 v2.0n Standard LaTeX package
)
(/usr/local/texlive/2024/texmf-dist/tex/latex/fontaxes/fontaxes.sty
Package: fontaxes 2020/07/21 v1.0e Font selection axes
LaTeX Info: Redefining \upshape on input line 29.
LaTeX Info: Redefining \itshape on input line 31.
LaTeX Info: Redefining \slshape on input line 33.
LaTeX Info: Redefining \swshape on input line 35.
LaTeX Info: Redefining \scshape on input line 37.
LaTeX Info: Redefining \sscshape on input line 39.
LaTeX Info: Redefining \ulcshape on input line 41.
LaTeX Info: Redefining \textsw on input line 47.
LaTeX Info: Redefining \textssc on input line 48.
LaTeX Info: Redefining \textulc on input line 49.
))
(/usr/local/texlive/2024/texmf-dist/tex/latex/listings/lstlang1.sty
File: lstlang1.sty 2024/02/21 1.10 listings language file
)
(/usr/local/texlive/2024/texmf-dist/tex/latex/listings/lstmisc.sty
File: lstmisc.sty 2024/02/21 1.10 (Carsten Heinz)
)
(/usr/local/texlive/2024/texmf-dist/tex/latex/koma-script/scrlayer-scrpage.sty
Package: scrlayer-scrpage 2023/07/07 v3.41 KOMA-Script package (end user interf
ace for scrlayer)

(/usr/local/texlive/2024/texmf-dist/tex/latex/koma-script/scrlayer.sty
Package: scrlayer 2023/07/07 v3.41 KOMA-Script package (defining layers and pag
e styles)
Package scrlayer Info: patching LaTeX kernel macro \pagestyle on input line 218
3.
)
Package scrlayer-scrpage Info: Makeing stand-alone element `pagehead' from
(scrlayer-scrpage)             alias to `pageheadfoot' on input line 1106.
)

Package scrlayer-scrpage Warning: replacing deprecated \clearscrheadfoot by
(scrlayer-scrpage)                \clearpairofpagestyles on input line 133.


Package scrlayer-scrpage Warning: Command deprecated!
(scrlayer-scrpage)                Usage of `\setheadtopline', `\setheadsepline'
,
(scrlayer-scrpage)                `\setfootsepline', and `\setfootbotline'
(scrlayer-scrpage)                became deprecated with scrlayer-scrpage.
(scrlayer-scrpage)                You should use KOMA-Script options
(scrlayer-scrpage)                `headsepline', `headtopline', `footsepline',
(scrlayer-scrpage)                or `footbotline' with values
(scrlayer-scrpage)                `<line thickness>:<line length>' to setup
(scrlayer-scrpage)                the line length and thickness, and
(scrlayer-scrpage)                `\setkomafont' or `\addtokomafont' to
(scrlayer-scrpage)                setup the colour on input line 138.


Package scrlayer-scrpage Warning: Command deprecated!
(scrlayer-scrpage)                Usage of `\setheadtopline', `\setheadsepline'
,
(scrlayer-scrpage)                `\setfootsepline', and `\setfootbotline'
(scrlayer-scrpage)                became deprecated with scrlayer-scrpage.
(scrlayer-scrpage)                You should use KOMA-Script options
(scrlayer-scrpage)                `headsepline', `headtopline', `footsepline',
(scrlayer-scrpage)                or `footbotline' with values
(scrlayer-scrpage)                `<line thickness>:<line length>' to setup
(scrlayer-scrpage)                the line length and thickness, and
(scrlayer-scrpage)                `\setkomafont' or `\addtokomafont' to
(scrlayer-scrpage)                setup the colour on input line 141.

(/usr/local/texlive/2024/texmf-dist/tex/latex/glossaries/base/glossaries.sty
Package: glossaries 2023/09/29 v4.53 (NLCT)

(/usr/local/texlive/2024/texmf-dist/tex/latex/mfirstuc/mfirstuc.sty
Package: mfirstuc 2022/10/14 v2.08 (NLCT)
\@glsmfirst=\toks46
\@glsmrest=\toks47
)
(/usr/local/texlive/2024/texmf-dist/tex/latex/xfor/xfor.sty
Package: xfor 2009/02/05 v1.05 (NLCT)
)
(/usr/local/texlive/2024/texmf-dist/tex/latex/datatool/datatool-base.sty
Package: datatool-base 2019/09/27 v2.32 (NLCT)

(/usr/local/texlive/2024/texmf-dist/tex/latex/amsmath/amsmath.sty
Package: amsmath 2023/05/13 v2.17o AMS math features
\@mathmargin=\skip79

For additional information on amsmath, use the `?' option.
(/usr/local/texlive/2024/texmf-dist/tex/latex/amsmath/amstext.sty
Package: amstext 2021/08/26 v2.01 AMS text

(/usr/local/texlive/2024/texmf-dist/tex/latex/amsmath/amsgen.sty
File: amsgen.sty 1999/11/30 v2.0 generic functions
\@emptytoks=\toks48
\ex@=\dimen290
))
(/usr/local/texlive/2024/texmf-dist/tex/latex/amsmath/amsbsy.sty
Package: amsbsy 1999/11/29 v1.2d Bold Symbols
\pmbraise@=\dimen291
)
(/usr/local/texlive/2024/texmf-dist/tex/latex/amsmath/amsopn.sty
Package: amsopn 2022/04/08 v2.04 operator names
)
\inf@bad=\count378
LaTeX Info: Redefining \frac on input line 234.
\uproot@=\count379
\leftroot@=\count380
LaTeX Info: Redefining \overline on input line 399.
LaTeX Info: Redefining \colon on input line 410.
\classnum@=\count381
\DOTSCASE@=\count382
LaTeX Info: Redefining \ldots on input line 496.
LaTeX Info: Redefining \dots on input line 499.
LaTeX Info: Redefining \cdots on input line 620.
\Mathstrutbox@=\box78
\strutbox@=\box79
LaTeX Info: Redefining \big on input line 722.
LaTeX Info: Redefining \Big on input line 723.
LaTeX Info: Redefining \bigg on input line 724.
LaTeX Info: Redefining \Bigg on input line 725.
\big@size=\dimen292
LaTeX Font Info:    Redeclaring font encoding OML on input line 743.
LaTeX Font Info:    Redeclaring font encoding OMS on input line 744.
\macc@depth=\count383
LaTeX Info: Redefining \bmod on input line 905.
LaTeX Info: Redefining \pmod on input line 910.
LaTeX Info: Redefining \smash on input line 940.
LaTeX Info: Redefining \relbar on input line 970.
LaTeX Info: Redefining \Relbar on input line 971.
\c@MaxMatrixCols=\count384
\dotsspace@=\muskip17
\c@parentequation=\count385
\dspbrk@lvl=\count386
\tag@help=\toks49
\row@=\count387
\column@=\count388
\maxfields@=\count389
\andhelp@=\toks50
\eqnshift@=\dimen293
\alignsep@=\dimen294
\tagshift@=\dimen295
\tagwidth@=\dimen296
\totwidth@=\dimen297
\lineht@=\dimen298
\@envbody=\toks51
\multlinegap=\skip80
\multlinetaggap=\skip81
\mathdisplay@stack=\toks52
LaTeX Info: Redefining \[ on input line 2953.
LaTeX Info: Redefining \] on input line 2954.
)
(/usr/local/texlive/2024/texmf-dist/tex/latex/substr/substr.sty
Package: substr 2009/10/20 v1.2 Handle substrings
\c@su@anzahl=\count390
)
(/usr/local/texlive/2024/texmf-dist/tex/latex/datatool/datatool-fp.sty
Package: datatool-fp 2019/09/27 v2.32 (NLCT)

(/usr/local/texlive/2024/texmf-dist/tex/latex/fp/fp.sty
Package: fp 1995/04/02

`Fixed Point Package', Version 0.8, April 2, 1995 (C) Michael Mehlich
(/usr/local/texlive/2024/texmf-dist/tex/latex/fp/defpattern.sty
Package: defpattern 1994/10/12
\actioncount=\count391
)
(/usr/local/texlive/2024/texmf-dist/tex/latex/fp/fp-basic.sty
Package: fp-basic 1996/05/13
\FP@xs=\count392
\FP@xia=\count393
\FP@xib=\count394
\FP@xfa=\count395
\FP@xfb=\count396
\FP@rega=\count397
\FP@regb=\count398
\FP@regs=\count399
\FP@times=\count400
)
(/usr/local/texlive/2024/texmf-dist/tex/latex/fp/fp-addons.sty
Package: fp-addons 1995/03/15
)
(/usr/local/texlive/2024/texmf-dist/tex/latex/fp/fp-snap.sty
Package: fp-snap 1995/04/05
)
(/usr/local/texlive/2024/texmf-dist/tex/latex/fp/fp-exp.sty
Package: fp-exp 1995/04/03
)
(/usr/local/texlive/2024/texmf-dist/tex/latex/fp/fp-trigo.sty
Package: fp-trigo 1995/04/14
)
(/usr/local/texlive/2024/texmf-dist/tex/latex/fp/fp-pas.sty
Package: fp-pas 1994/08/29
)
(/usr/local/texlive/2024/texmf-dist/tex/latex/fp/fp-random.sty
Package: fp-random 1995/02/23
\FPseed=\count401
)
(/usr/local/texlive/2024/texmf-dist/tex/latex/fp/fp-eqn.sty
Package: fp-eqn 1995/04/03
)
(/usr/local/texlive/2024/texmf-dist/tex/latex/fp/fp-upn.sty
Package: fp-upn 1996/10/21
)
(/usr/local/texlive/2024/texmf-dist/tex/latex/fp/fp-eval.sty
Package: fp-eval 1995/04/03
)))
\@dtl@toks=\toks53
\@dtl@tmpcount=\count402
\dtl@tmplength=\skip82
\dtl@sortresult=\count403
\@dtl@numgrpsepcount=\count404
\@dtl@datatype=\count405
\dtl@codeA=\count406
\dtl@codeB=\count407
\@dtl@foreach@level=\count408
)
(/usr/local/texlive/2024/texmf-dist/tex/latex/tracklang/tracklang.sty
Package: tracklang 2022/12/13 v1.6.1 (NLCT) Track Languages

(/usr/local/texlive/2024/texmf-dist/tex/generic/tracklang/tracklang.tex))
(/usr/local/texlive/2024/texmf-dist/tex/latex/translator/translator.sty
Package: translator 2021-05-31 v1.12d Easy translation of strings in LaTeX
)
(/usr/local/texlive/2024/texmf-dist/tex/latex/glossaries-english/glossaries-eng
lish.ldf
File: glossaries-english.ldf 2014/11/23 v1.0
)
\gls@level=\count409
\@gls@tmpb=\toks54
\gls@tmplen=\skip83
\glskeylisttok=\toks55
\glslabeltok=\toks56
\glsshorttok=\toks57
\glslongtok=\toks58

(/usr/local/texlive/2024/texmf-dist/tex/latex/glossaries/styles/glossary-hypern
av.sty
Package: glossary-hypernav 2023/09/29 v4.53 (NLCT)
)
(/usr/local/texlive/2024/texmf-dist/tex/latex/glossaries/styles/glossary-list.s
ty
Package: glossary-list 2023/09/29 v4.53 (NLCT)
\glslistdottedwidth=\skip84
)
(/usr/local/texlive/2024/texmf-dist/tex/latex/glossaries/styles/glossary-long.s
ty
Package: glossary-long 2023/09/29 v4.53 (NLCT)
\glsdescwidth=\skip85
\glspagelistwidth=\skip86
)
(/usr/local/texlive/2024/texmf-dist/tex/latex/glossaries/styles/glossary-super.
sty
Package: glossary-super 2023/09/29 v4.53 (NLCT)
 (/usr/local/texlive/2024/texmf-dist/tex/latex/supertabular/supertabular.sty
Package: supertabular 2020/02/02 v4.1g the supertabular environment
\c@tracingst=\count410
\ST@wd=\dimen299
\ST@rightskip=\skip87
\ST@leftskip=\skip88
\ST@parfillskip=\skip89
\ST@pageleft=\dimen300
\ST@headht=\dimen301
\ST@tailht=\dimen302
\ST@pagesofar=\dimen303
\ST@pboxht=\dimen304
\ST@lineht=\dimen305
\ST@prevht=\dimen306
\ST@toadd=\dimen307
\ST@dimen=\dimen308
\ST@pbox=\box80
))
(/usr/local/texlive/2024/texmf-dist/tex/latex/glossaries/styles/glossary-tree.s
ty
Package: glossary-tree 2023/09/29 v4.53 (NLCT)
\glstreeindent=\skip90
))
\glswrite=\write4
\glo@main@file=\write5
\openout5 = `thesis.glo'.

Package glossaries Info: Writing glossary file thesis.glo on input line 182.
\glo@acronym@file=\write6
\openout6 = `thesis.acn'.

Package glossaries Info: Writing glossary file thesis.acn on input line 182.
 (/usr/local/texlive/2024/texmf-dist/tex/latex/nomencl/nomencl.sty
Package: nomencl 2021/11/10 v5.6 Nomenclature package
Package tocbasic Info: setting babel extension for `nlo' on input line 187.
Package tocbasic Info: setting babel extension for `nls' on input line 188.
\nomlabelwidth=\dimen309
\nom@tempdim=\dimen310
\nomitemsep=\skip91
)
\@nomenclaturefile=\write7
\openout7 = `thesis.nlo'.

Package nomencl Info: Writing nomenclature file thesis.nlo on input line 187.

(/usr/local/texlive/2024/texmf-dist/tex/latex/tabularray/tabularray.sty
(/usr/local/texlive/2024/texmf-dist/tex/latex/l3kernel/expl3.sty
Package: expl3 2024-02-20 L3 programming layer (loader) 

(/usr/local/texlive/2024/texmf-dist/tex/latex/l3backend/l3backend-pdftex.def
File: l3backend-pdftex.def 2024-02-20 L3 backend support: PDF output (pdfTeX)
\l__color_backend_stack_int=\count411
\l__pdf_internal_box=\box81
))
Package: tabularray 2024-02-16 v2024A Typeset tabulars and arrays with LaTeX3
\l__tblr_a_int=\count412
\l__tblr_c_int=\count413
\l__tblr_r_int=\count414
\l__tblr_d_dim=\dimen311
\l__tblr_h_dim=\dimen312
\l__tblr_o_dim=\dimen313
\l__tblr_p_dim=\dimen314
\l__tblr_q_dim=\dimen315
\l__tblr_r_dim=\dimen316
\l__tblr_s_dim=\dimen317
\l__tblr_t_dim=\dimen318
\l__tblr_v_dim=\dimen319
\l__tblr_w_dim=\dimen320
\l__tblr_a_box=\box82
\l__tblr_b_box=\box83
\l__tblr_c_box=\box84
\l__tblr_d_box=\box85
\g__tblr_table_count_int=\count415
\c@colnum=\count416
\c@rowcount=\count417
\c@colcount=\count418
\abovesep=\dimen321
\belowsep=\dimen322
\leftsep=\dimen323
\rightsep=\dimen324
\g_tblr_level_int=\count419
\g__tblr_data_row_key_count_int=\count420
\g__tblr_data_column_key_count_int=\count421
\g__tblr_data_cell_key_count_int=\count422
\g__tblr_array_int=\count423
\l__tblr_key_count_int=\count424
\l__tblr_key_quotient_int=\count425
\l__tblr_key_quotient_two_int=\count426
\l__tblr_key_remainder_int=\count427
\g__tblr_data_str_value_count_int=\count428
\rulewidth=\dimen325
\l__tblr_strut_dp_dim=\dimen326
\l__tblr_strut_ht_dim=\dimen327
\g__tblr_cell_wd_dim=\dimen328
\g__tblr_cell_ht_dim=\dimen329
\g__tblr_cell_head_dim=\dimen330
\g__tblr_cell_foot_dim=\dimen331
\l__column_target_dim=\dimen332
\l__tblr_caption_box=\box86
\l__tblr_caption_left_box=\box87
\l__tblr_row_head_box=\box88
\l__tblr_row_foot_box=\box89
\l__tblr_row_head_foot_dim=\dimen333
\tablewidth=\dimen334
\l__tblr_table_firsthead_box=\box90
\l__tblr_table_middlehead_box=\box91
\l__tblr_table_lasthead_box=\box92
\l__tblr_table_firstfoot_box=\box93
\l__tblr_table_middlefoot_box=\box94
\l__tblr_table_lastfoot_box=\box95
\l__tblr_remain_height_dim=\dimen335
\l__tblr_long_from_int=\count429
\l__tblr_long_to_int=\count430
\l__tblr_curr_i_int=\count431
\l__tblr_prev_i_int=\count432
\l__tblr_table_page_int=\count433
\l__tblr_table_head_box=\box96
\l__tblr_table_foot_box=\box97
\l__tblr_table_head_foot_dim=\dimen336
\l__tblr_table_head_body_foot_dim=\dimen337
\l__tblr_table_box=\box98
\l__tblr_table_hlines_box=\box99
\l__tblr_hline_box=\box100
\l__tblr_row_box=\box101
\l__tblr_col_o_wd_dim=\dimen338
\l__tblr_col_b_wd_dim=\dimen339
\l__tblr_hline_leftskip_dim=\dimen340
\l__tblr_hline_rightskip_dim=\dimen341
\l__tblr_row_ht_dim=\dimen342
\l__tblr_row_dp_dim=\dimen343
\l__tblr_row_abovesep_dim=\dimen344
\l__tblr_row_belowsep_dim=\dimen345
\l__tblr_row_vlines_box=\box102
\l__tblr_vline_box=\box103
\l__tblr_cell_box=\box104
\l__row_upper_dim=\dimen346
\l__row_lower_dim=\dimen347
\l__row_vpace_dim=\dimen348
\l__tblr_vline_aboveskip_dim=\dimen349
\l__tblr_vline_belowskip_dim=\dimen350
\l__tblr_cell_wd_dim=\dimen351
\l__tblr_cell_ht_dim=\dimen352
\l__tblr_diag_box=\box105
)

LaTeX Warning: Unused global option(s):
    [openright].

(./thesis.aux (./titlepage.aux) (./affidavit.aux) (./acknowledgments.aux)
(./abstractEN.aux) (./confidentialityClause.aux) (./nomenclature.aux)
(./glossary.aux) (./mainpart.aux

LaTeX Warning: Label `fig:simpleSourceGen.cs' multiply defined.


LaTeX Warning: Label `fig:simpleSourceGen.cs' multiply defined.


LaTeX Warning: Label `fig:simpleSourceGen.cs' multiply defined.


LaTeX Warning: Label `fig:simpleSourceGen.cs' multiply defined.


LaTeX Warning: Label `fig:simpleSourceGen.cs' multiply defined.


LaTeX Warning: Label `fig:simpleSourceGen.cs' multiply defined.


LaTeX Warning: Label `fig:simpleSourceGen.cs' multiply defined.


LaTeX Warning: Label `fig:simpleSourceGen.cs' multiply defined.


LaTeX Warning: Label `fig:simpleSourceGen.cs' multiply defined.


LaTeX Warning: Label `fig:simpleSourceGen.cs' multiply defined.


LaTeX Warning: Label `fig:simpleSourceGen.cs' multiply defined.


LaTeX Warning: Label `fig:simpleSourceGen.cs' multiply defined.


LaTeX Warning: Label `fig:simpleSourceGen.cs' multiply defined.


LaTeX Warning: Label `fig:simpleSourceGen.cs' multiply defined.


LaTeX Warning: Label `fig:simpleSourceGen.cs' multiply defined.


LaTeX Warning: Label `fig:simpleSourceGen.cs' multiply defined.


LaTeX Warning: Label `fig:simpleSourceGen.cs' multiply defined.

))
\openout1 = `thesis.aux'.

LaTeX Font Info:    Checking defaults for OML/cmm/m/it on input line 212.
LaTeX Font Info:    ... okay on input line 212.
LaTeX Font Info:    Checking defaults for OMS/cmsy/m/n on input line 212.
LaTeX Font Info:    ... okay on input line 212.
LaTeX Font Info:    Checking defaults for OT1/cmr/m/n on input line 212.
LaTeX Font Info:    ... okay on input line 212.
LaTeX Font Info:    Checking defaults for T1/cmr/m/n on input line 212.
LaTeX Font Info:    ... okay on input line 212.
LaTeX Font Info:    Checking defaults for TS1/cmr/m/n on input line 212.
LaTeX Font Info:    ... okay on input line 212.
LaTeX Font Info:    Checking defaults for OMX/cmex/m/n on input line 212.
LaTeX Font Info:    ... okay on input line 212.
LaTeX Font Info:    Checking defaults for U/cmr/m/n on input line 212.
LaTeX Font Info:    ... okay on input line 212.
LaTeX Font Info:    Checking defaults for PD1/pdf/m/n on input line 212.
LaTeX Font Info:    ... okay on input line 212.
LaTeX Font Info:    Checking defaults for PU/pdf/m/n on input line 212.
LaTeX Font Info:    ... okay on input line 212.
Package scrbase Info: activating english \abstractname on input line 212.
Package scrbase Info: activating english \partname on input line 212.
Package scrbase Info: activating english \figurename on input line 212.
Package scrbase Info: activating english \tablename on input line 212.
Package scrbase Info: activating english \contentsname on input line 212.
Package scrbase Info: activating english \listfigurename on input line 212.
Package scrbase Info: activating english \listtablename on input line 212.
Package scrbase Info: activating english \refname on input line 212.
Package scrbase Info: activating english \indexname on input line 212.
 (/usr/local/texlive/2024/texmf-dist/tex/context/base/mkii/supp-pdf.mkii
[Loading MPS to PDF converter (version 2006.09.02).]
\scratchcounter=\count434
\scratchdimen=\dimen353
\scratchbox=\box106
\nofMPsegments=\count435
\nofMParguments=\count436
\everyMPshowfont=\toks59
\MPscratchCnt=\count437
\MPscratchDim=\dimen354
\MPnumerator=\count438
\makeMPintoPDFobject=\count439
\everyMPtoPDFconversion=\toks60
) (/usr/local/texlive/2024/texmf-dist/tex/latex/epstopdf-pkg/epstopdf-base.sty
Package: epstopdf-base 2020-01-24 v2.11 Base part for package epstopdf
Package epstopdf-base Info: Redefining graphics rule for `.eps' on input line 4
85.

(/usr/local/texlive/2024/texmf-dist/tex/latex/latexconfig/epstopdf-sys.cfg
File: epstopdf-sys.cfg 2010/07/13 v1.3 Configuration of (r)epstopdf for TeX Liv
e
))
Package caption Info: Begin \AtBeginDocument code.
Package caption Info: float package is loaded.
Package caption Info: hyperref package is loaded.
Package caption Info: listings package is loaded.
Package caption Info: longtable package is loaded.

(/usr/local/texlive/2024/texmf-dist/tex/latex/caption/ltcaption.sty
Package: ltcaption 2021/01/08 v1.4c longtable captions (AR)
)
Package caption Info: supertabular package is loaded.
Package caption Info: wrapfig package is loaded.
Package caption Info: End \AtBeginDocument code.

*geometry* driver: auto-detecting
*geometry* detected driver: pdftex
*geometry* verbose mode - [ preamble ] result:
* driver: pdftex
* paper: a4paper
* layout: <same size as paper>
* layoutoffset:(h,v)=(0.0pt,0.0pt)
* modes: 
* h-part:(L,W,R)=(85.35826pt, 455.24411pt, 56.9055pt)
* v-part:(T,H,B)=(101.40665pt, 591.5302pt, 152.11pt)
* \paperwidth=597.50787pt
* \paperheight=845.04684pt
* \textwidth=455.24411pt
* \textheight=668.63976pt
* \oddsidemargin=13.08827pt
* \evensidemargin=13.08827pt
* \topmargin=-8.26335pt
* \headheight=17.0pt
* \headsep=28.45274pt
* \topskip=11.0pt
* \footskip=42.67912pt
* \marginparwidth=54.3189pt
* \marginparsep=12.8401pt
* \columnsep=10.0pt
* \skip\footins=10.0pt plus 4.0pt minus 2.0pt
* \hoffset=0.0pt
* \voffset=0.0pt
* \mag=1000
* \@twocolumnfalse
* \@twosidefalse
* \@mparswitchfalse
* \@reversemarginfalse
* (1in=72.27pt=25.4mm, 1cm=28.453pt)

Package hyperref Info: Link coloring ON on input line 212.
(./thesis.out) (./thesis.out)
\@outlinefile=\write8
\openout8 = `thesis.out'.

Class scrartcl Info: loading recommended package `bookmark'.
(scrartcl)           Using `bookmark' together with `hyperref' is recommended,
(scrartcl)           because of handling of possible bookmark level gaps.
(scrartcl)           You can avoid loading `bookmark' with KOMA-Script option
(scrartcl)           `bookmarkpackage=false' before \begin{document} and
(scrartcl)           you can avoid this message adding:
(scrartcl)             \usepackage{bookmark}
(scrartcl)           before \begin{document} on input line 212.

(/usr/local/texlive/2024/texmf-dist/tex/latex/bookmark/bookmark.sty
Package: bookmark 2023-12-10 v1.31 PDF bookmarks (HO)

(/usr/local/texlive/2024/texmf-dist/tex/latex/bookmark/bkm-pdftex.def
File: bkm-pdftex.def 2023-12-10 v1.31 bookmark driver for pdfTeX and luaTeX (HO
)
\BKM@id=\count440
))
(/usr/local/texlive/2024/texmf-dist/tex/latex/pdflscape/pdflscape.sty
Package: pdflscape 2022-10-27 v0.13 Display of landscape pages in PDF

(/usr/local/texlive/2024/texmf-dist/tex/latex/pdflscape/pdflscape-nometadata.st
y
Package: pdflscape-nometadata 2022-10-28 v0.13 Display of landscape pages in PD
F (HO)
 (/usr/local/texlive/2024/texmf-dist/tex/latex/graphics/lscape.sty
Package: lscape 2020/05/28 v3.02 Landscape Pages (DPC)
)
Package pdflscape Info: Auto-detected driver: pdftex on input line 81.
))
\c@lstlisting=\count441
Package tocbasic Info: setting babel extension for `lol' on input line 212.
\scr@dte@lstlisting@maxnumwidth=\skip92
\c@mv@tabular=\count442
\c@mv@boldtabular=\count443

(./thesis.glsdefs)
(/usr/local/texlive/2024/texmf-dist/tex/latex/ninecolors/ninecolors.sty
Package: ninecolors 2022-02-13 v2022D Select colors with proper color contrast

(/usr/local/texlive/2024/texmf-dist/tex/latex/l3packages/xparse/xparse.sty
Package: xparse 2024-02-18 L3 Experimental document command parser
))
\openout2 = `titlepage.aux'.


(./titlepage.tex

Package geometry Warning: Over-specification in `h'-direction.
    `width' (454.10269pt) is ignored.

*geometry* verbose mode - [ newgeometry ] result:
* driver: pdftex
* paper: a4paper
* layout: <same size as paper>
* layoutoffset:(h,v)=(0.0pt,0.0pt)
* modes: 
* h-part:(L,W,R)=(85.35826pt, 455.24411pt, 56.9055pt)
* v-part:(T,H,B)=(33.80392pt, 760.53699pt, 50.70593pt)
* \paperwidth=597.50787pt
* \paperheight=845.04684pt
* \textwidth=455.24411pt
* \textheight=760.53699pt
* \oddsidemargin=13.08827pt
* \evensidemargin=13.08827pt
* \topmargin=-83.91881pt
* \headheight=17.0pt
* \headsep=28.45274pt
* \topskip=11.0pt
* \footskip=42.67912pt
* \marginparwidth=54.3189pt
* \marginparsep=12.8401pt
* \columnsep=10.0pt
* \skip\footins=10.0pt plus 4.0pt minus 2.0pt
* \hoffset=0.0pt
* \voffset=0.0pt
* \mag=1000
* \@twocolumnfalse
* \@twosidefalse
* \@mparswitchfalse
* \@reversemarginfalse
* (1in=72.27pt=25.4mm, 1cm=28.453pt)

<images/thiRGB.jpg, id=7, 156.585pt x 73.4745pt>
File: images/thiRGB.jpg Graphic file (type jpg)
<use images/thiRGB.jpg>
Package pdftex.def Info: images/thiRGB.jpg  used on input line 9.
(pdftex.def)             Requested size: 450.69417pt x 211.5088pt.
[1

\openout4 = `thesis.ist'.



{/usr/local/texlive/2024/texmf-var/fonts/map/pdftex/updmap/pdftex.map}{/usr/loc
al/texlive/2024/texmf-dist/fonts/enc/dvips/cm-super/cm-super-t1.enc} <./images/
thiRGB.jpg>])
\openout2 = `affidavit.aux'.

 (./affidavit.tex
LaTeX Font Info:    Trying to load font information for T1+cmss on input line 3
.

(/usr/local/texlive/2024/texmf-dist/tex/latex/base/t1cmss.fd
File: t1cmss.fd 2023/04/13 v2.5m Standard LaTeX font definitions
)
Underfull \hbox (badness 10000) in paragraph at lines 4--5

 []


Underfull \hbox (badness 10000) in paragraph at lines 6--8

 []

) [1






]
\openout2 = `acknowledgments.aux'.

 (./acknowledgments.tex) [2





]
\openout2 = `abstractEN.aux'.

 (./abstractEN.tex) [3





]
\openout2 = `confidentialityClause.aux'.


(./confidentialityClause.tex
Underfull \hbox (badness 10000) in paragraph at lines 6--7

 []


Underfull \hbox (badness 10000) in paragraph at lines 8--10

 []

) [4





]
\openout2 = `nomenclature.aux'.

 (./nomenclature.tex)
No file thesis.nls.
\openout2 = `glossary.aux'.

(./glossary.tex
\@gls@deffile=\write9
\openout9 = `thesis.glsdefs'.

) (./thesis.gls) (./thesis.acr)

Class scrartcl Warning: Usage of deprecated command `\ifthispageodd'.
(scrartcl)              The command has been renamed because of a
(scrartcl)              recommendation of The LaTeX Project Team.
(scrartcl)              Please replace `\ifthispageodd' by `\Ifthispageodd' on 
input line 260.

[5












] (./thesis.lof
Overfull \hbox (22.49927pt too wide) in paragraph at lines 3--3
 [][] [][][]\T1/cmr/m/n/10 BLE pro-to-col stack (Source: https://de.mathworks.c
om/help/bluetooth/gs/bluetooth-protocol- 
 []


Overfull \hbox (24.30548pt too wide) in paragraph at lines 4--4
 [][] [][][]\T1/cmr/m/n/10 Attribute Struc-ture (Source: https://de.mathworks.c
om/help/bluetooth/gs/bluetooth-protocol- 
 []

)
\tf@lof=\write10
\openout10 = `thesis.lof'.

 [6


] (./thesis.lot)
\tf@lot=\write11
\openout11 = `thesis.lot'.

 [7


] (./thesis.toc [8


])
\tf@toc=\write12
\openout12 = `thesis.toc'.



Class scrartcl Warning: Usage of deprecated command `\ifthispageodd'.
(scrartcl)              The command has been renamed because of a
(scrartcl)              recommendation of The LaTeX Project Team.
(scrartcl)              Please replace `\ifthispageodd' by `\Ifthispageodd' on 
input line 282.

[9]
\openout2 = `mainpart.aux'.

 (./mainpart.tex (./Chapter1/chap1.tex)
pdfTeX warning (ext4): destination with the same identifier (name{page.1}) has 
been already used, duplicate ignored
<to be read again> 
                   \relax 
l.4 \newpage
             [1



]

Class scrartcl Warning: Usage of deprecated command `\ifthispageodd'.
(scrartcl)              The command has been renamed because of a
(scrartcl)              recommendation of The LaTeX Project Team.
(scrartcl)              Please replace `\ifthispageodd' by `\Ifthispageodd' on 
input line 4.

[2] (./Chapter2/chap2.tex
Overfull \hbox (46.92505pt too wide) in paragraph at lines 18--33
 [] 
 []

[3]
</Users/eric/Downloads/android-stack_2x.png, id=212, 1389.19pt x 2045.6425pt>
File: /Users/eric/Downloads/android-stack_2x.png Graphic file (type png)
<use /Users/eric/Downloads/android-stack_2x.png>
Package pdftex.def Info: /Users/eric/Downloads/android-stack_2x.png  used on in
put line 39.
(pdftex.def)             Requested size: 416.76022pt x 613.6975pt.


Package caption Warning: The option `hypcap=true' will be ignored for this
(caption)                particular \caption on input line 40.
See the caption package documentation for explanation.


Class scrartcl Warning: Usage of deprecated command `\ifthispageodd'.
(scrartcl)              The command has been renamed because of a
(scrartcl)              recommendation of The LaTeX Project Team.
(scrartcl)              Please replace `\ifthispageodd' by `\Ifthispageodd' on 
input line 40.

[4]
Overfull \hbox (12.79266pt too wide) in paragraph at lines 40--40
[][][]|[]\T1/cmr/m/n/10.95 Android Plat-form ar-chi-tec-ture (Source: https://d
eveloper.android.com/guide/platform)| 
 []


Class scrartcl Warning: Usage of deprecated command `\ifthispageodd'.
(scrartcl)              The command has been renamed because of a
(scrartcl)              recommendation of The LaTeX Project Team.
(scrartcl)              Please replace `\ifthispageodd' by `\Ifthispageodd' on 
input line 48.

[5 </Users/eric/Downloads/android-stack_2x.png (PNG copy)>]
LaTeX Font Info:    Trying to load font information for T1+CascadiaCode-TLF on 
input line 50.

(/usr/local/texlive/2024/texmf-dist/tex/latex/cascadia-code/T1CascadiaCode-TLF.
fd
File: T1CascadiaCode-TLF.fd 2023/09/26 (autoinst) Font definitions for T1/Casca
diaCode-TLF.
)
LaTeX Font Info:    Font shape `T1/CascadiaCode-TLF/m/n' will be
(Font)              scaled to size 12.0pt on input line 50.
LaTeX Font Info:    Font shape `T1/CascadiaCode-TLF/m/n' will be
(Font)              scaled to size 10.0pt on input line 50.


Class scrartcl Warning: Usage of deprecated command `\ifthispageodd'.
(scrartcl)              The command has been renamed because of a
(scrartcl)              recommendation of The LaTeX Project Team.
(scrartcl)              Please replace `\ifthispageodd' by `\Ifthispageodd' on 
input line 79.

[6{/usr/local/texlive/2024/texmf-dist/fonts/enc/dvips/cascadia-code/a_i3ioen.en
c}]
LaTeX Font Info:    Font shape `T1/CascadiaCode-TLF/m/n' will be
(Font)              scaled to size 10.95pt on input line 90.


Class scrartcl Warning: Usage of deprecated command `\ifthispageodd'.
(scrartcl)              The command has been renamed because of a
(scrartcl)              recommendation of The LaTeX Project Team.
(scrartcl)              Please replace `\ifthispageodd' by `\Ifthispageodd' on 
input line 105.

[7]
</Users/eric/Downloads/bluetooth_le_stack.png, id=286, 493.845pt x 412.54124pt>

File: /Users/eric/Downloads/bluetooth_le_stack.png Graphic file (type png)
<use /Users/eric/Downloads/bluetooth_le_stack.png>
Package pdftex.def Info: /Users/eric/Downloads/bluetooth_le_stack.png  used on 
input line 107.
(pdftex.def)             Requested size: 444.45638pt x 371.28369pt.


Package caption Warning: The option `hypcap=true' will be ignored for this
(caption)                particular \caption on input line 109.
See the caption package documentation for explanation.


Overfull \hbox (6.6145pt too wide) in paragraph at lines 109--109
[][][]|[]\T1/cmr/m/n/10.95 BLE pro-to-col stack (Source: https://de.mathworks.c
om/help/bluetooth/gs/bluetooth-
 []


Class scrartcl Warning: Usage of deprecated command `\ifthispageodd'.
(scrartcl)              The command has been renamed because of a
(scrartcl)              recommendation of The LaTeX Project Team.
(scrartcl)              Please replace `\ifthispageodd' by `\Ifthispageodd' on 
input line 121.

[8 </Users/eric/Downloads/bluetooth_le_stack.png>]
</Users/eric/Downloads/ble_att_representation.png, id=299, 534.49687pt x 78.292
5pt>
File: /Users/eric/Downloads/ble_att_representation.png Graphic file (type png)
<use /Users/eric/Downloads/ble_att_representation.png>
Package pdftex.def Info: /Users/eric/Downloads/ble_att_representation.png  used
 on input line 132.
(pdftex.def)             Requested size: 481.04274pt x 70.46259pt.


Package caption Warning: The option `hypcap=true' will be ignored for this
(caption)                particular \caption on input line 134.
See the caption package documentation for explanation.


Overfull \hbox (25.79863pt too wide) in paragraph at lines 132--134
 [] 
 []


Overfull \hbox (8.52509pt too wide) in paragraph at lines 134--134
[][][]|[]\T1/cmr/m/n/10.95 Attribute Struc-ture (Source: https://de.mathworks.c
om/help/bluetooth/gs/bluetooth-
 []


Class scrartcl Warning: Usage of deprecated command `\ifthispageodd'.
(scrartcl)              The command has been renamed because of a
(scrartcl)              recommendation of The LaTeX Project Team.
(scrartcl)              Please replace `\ifthispageodd' by `\Ifthispageodd' on 
input line 140.

[9 </Users/eric/Downloads/ble_att_representation.png>]) (./Chapter8/chap8.tex
</Users/eric/Downloads/Patient2Phone.png, id=318, 392.78745pt x 162.6075pt>
File: /Users/eric/Downloads/Patient2Phone.png Graphic file (type png)
<use /Users/eric/Downloads/Patient2Phone.png>
Package pdftex.def Info: /Users/eric/Downloads/Patient2Phone.png  used on input
 line 14.
(pdftex.def)             Requested size: 392.78648pt x 162.6071pt.


Package caption Warning: The option `hypcap=true' will be ignored for this
(caption)                particular \caption on input line 16.
See the caption package documentation for explanation.

[10]
Underfull \hbox (badness 10000) in paragraph at lines 19--24

 []


Underfull \hbox (badness 10000) in paragraph at lines 28--30

 []


Underfull \hbox (badness 10000) in paragraph at lines 30--32

 []


Class scrartcl Warning: Usage of deprecated command `\ifthispageodd'.
(scrartcl)              The command has been renamed because of a
(scrartcl)              recommendation of The LaTeX Project Team.
(scrartcl)              Please replace `\ifthispageodd' by `\Ifthispageodd' on 
input line 32.

[11{/usr/local/texlive/2024/texmf-dist/fonts/enc/dvips/cm-super/cm-super-ts1.en
c} </Users/eric/Downloads/Patient2Phone.png>]
Underfull \hbox (badness 10000) in paragraph at lines 35--38

 []


Underfull \hbox (badness 10000) in paragraph at lines 35--38

 []


Package natbib Warning: Citation `microsoft_roslyndocsfeaturesincremental-gener
atorsmd_2024' on page 12 undefined on input line 42.


Package natbib Warning: Citation `carter_introducing_2020' on page 12 undefined
 on input line 42.


Package natbib Warning: Citation `microsoft_roslyndocsfeaturesincremental-gener
atorsmd_2024' on page 12 undefined on input line 42.


Package natbib Warning: Citation `carter_introducing_2020' on page 12 undefined
 on input line 42.


Underfull \hbox (badness 10000) in paragraph at lines 43--46

 []


Class scrartcl Warning: Usage of deprecated command `\ifthispageodd'.
(scrartcl)              The command has been renamed because of a
(scrartcl)              recommendation of The LaTeX Project Team.
(scrartcl)              Please replace `\ifthispageodd' by `\Ifthispageodd' on 
input line 96.

[12]
Underfull \hbox (badness 10000) in paragraph at lines 96--97

 []


Underfull \hbox (badness 10000) in paragraph at lines 117--119

 []


Class scrartcl Warning: Usage of deprecated command `\ifthispageodd'.
(scrartcl)              The command has been renamed because of a
(scrartcl)              recommendation of The LaTeX Project Team.
(scrartcl)              Please replace `\ifthispageodd' by `\Ifthispageodd' on 
input line 123.

[13]
Underfull \hbox (badness 10000) in paragraph at lines 123--129

 []


Underfull \hbox (badness 10000) in paragraph at lines 123--129

 []


Underfull \hbox (badness 10000) in paragraph at lines 133--136

 []


Underfull \hbox (badness 10000) in paragraph at lines 142--147

 []


Class scrartcl Warning: Usage of deprecated command `\ifthispageodd'.
(scrartcl)              The command has been renamed because of a
(scrartcl)              recommendation of The LaTeX Project Team.
(scrartcl)              Please replace `\ifthispageodd' by `\Ifthispageodd' on 
input line 170.

[14]) (./Chapter9/chap9.tex [15]
LaTeX Font Info:    Font shape `T1/CascadiaCode-TLF/m/n' will be
(Font)              scaled to size 9.0pt on input line 28.

Underfull \hbox (badness 10000) in paragraph at lines 31--31
[][][][]$\T1/CascadiaCode-TLF/m/n/9 https : / / stackoverflow . com / questions
 / 78125635 / processing -[] classes -[] for -[] emulated -[] method -[]
 []


Class scrartcl Warning: Usage of deprecated command `\ifthispageodd'.
(scrartcl)              The command has been renamed because of a
(scrartcl)              recommendation of The LaTeX Project Team.
(scrartcl)              Please replace `\ifthispageodd' by `\Ifthispageodd' on 
input line 66.

[16]

Class scrartcl Warning: Usage of deprecated command `\ifthispageodd'.
(scrartcl)              The command has been renamed because of a
(scrartcl)              recommendation of The LaTeX Project Team.
(scrartcl)              Please replace `\ifthispageodd' by `\Ifthispageodd' on 
input line 66.

[17]
</Users/eric/Downloads/InformationFlow.drawio-3.png, id=396, 723.70375pt x 593.
21625pt>
File: /Users/eric/Downloads/InformationFlow.drawio-3.png Graphic file (type png
)
<use /Users/eric/Downloads/InformationFlow.drawio-3.png>
Package pdftex.def Info: /Users/eric/Downloads/InformationFlow.drawio-3.png  us
ed on input line 77.
(pdftex.def)             Requested size: 506.58917pt x 415.24854pt.


Package caption Warning: The option `hypcap=true' will be ignored for this
(caption)                particular \caption on input line 79.
See the caption package documentation for explanation.


Overfull \hbox (51.34506pt too wide) in paragraph at lines 77--79
 [] 
 []


Class scrartcl Warning: Usage of deprecated command `\ifthispageodd'.
(scrartcl)              The command has been renamed because of a
(scrartcl)              recommendation of The LaTeX Project Team.
(scrartcl)              Please replace `\ifthispageodd' by `\Ifthispageodd' on 
input line 91.

[18 </Users/eric/Downloads/InformationFlow.drawio-3.png>]

Class scrartcl Warning: Usage of deprecated command `\ifthispageodd'.
(scrartcl)              The command has been renamed because of a
(scrartcl)              recommendation of The LaTeX Project Team.
(scrartcl)              Please replace `\ifthispageodd' by `\Ifthispageodd' on 
input line 143.

[19]
</Users/eric/Downloads/NordicSemiconLibVersions.png, id=412, 390.45876pt x 136.
00812pt>
File: /Users/eric/Downloads/NordicSemiconLibVersions.png Graphic file (type png
)
<use /Users/eric/Downloads/NordicSemiconLibVersions.png>
Package pdftex.def Info: /Users/eric/Downloads/NordicSemiconLibVersions.png  us
ed on input line 165.
(pdftex.def)             Requested size: 351.40962pt x 122.40616pt.


Package caption Warning: The option `hypcap=true' will be ignored for this
(caption)                particular \caption on input line 167.
See the caption package documentation for explanation.


Class scrartcl Warning: Usage of deprecated command `\ifthispageodd'.
(scrartcl)              The command has been renamed because of a
(scrartcl)              recommendation of The LaTeX Project Team.
(scrartcl)              Please replace `\ifthispageodd' by `\Ifthispageodd' on 
input line 174.

[20 </Users/eric/Downloads/NordicSemiconLibVersions.png>]
Underfull \hbox (badness 10000) in paragraph at lines 179--202

 []


Underfull \hbox (badness 10000) in paragraph at lines 179--202

 []


Class scrartcl Warning: Usage of deprecated command `\ifthispageodd'.
(scrartcl)              The command has been renamed because of a
(scrartcl)              recommendation of The LaTeX Project Team.
(scrartcl)              Please replace `\ifthispageodd' by `\Ifthispageodd' on 
input line 202.

[21]

Class scrartcl Warning: Usage of deprecated command `\ifthispageodd'.
(scrartcl)              The command has been renamed because of a
(scrartcl)              recommendation of The LaTeX Project Team.
(scrartcl)              Please replace `\ifthispageodd' by `\Ifthispageodd' on 
input line 248.

[22]

Class scrartcl Warning: Usage of deprecated command `\ifthispageodd'.
(scrartcl)              The command has been renamed because of a
(scrartcl)              recommendation of The LaTeX Project Team.
(scrartcl)              Please replace `\ifthispageodd' by `\Ifthispageodd' on 
input line 279.

[23]
</Users/eric/Downloads/GenericPacketFinalEnglish.drawio.png, id=480, 302.12875p
t x 76.285pt>
File: /Users/eric/Downloads/GenericPacketFinalEnglish.drawio.png Graphic file (
type png)
<use /Users/eric/Downloads/GenericPacketFinalEnglish.drawio.png>
Package pdftex.def Info: /Users/eric/Downloads/GenericPacketFinalEnglish.drawio
.png  used on input line 281.
(pdftex.def)             Requested size: 271.91336pt x 68.65585pt.


Package caption Warning: The option `hypcap=true' will be ignored for this
(caption)                particular \caption on input line 283.
See the caption package documentation for explanation.

</Users/eric/Downloads/GenericPacketEnglishResponse.drawio.png, id=481, 362.353
74pt x 76.285pt>
File: /Users/eric/Downloads/GenericPacketEnglishResponse.drawio.png Graphic fil
e (type png)
<use /Users/eric/Downloads/GenericPacketEnglishResponse.drawio.png>
Package pdftex.def Info: /Users/eric/Downloads/GenericPacketEnglishResponse.dra
wio.png  used on input line 289.
(pdftex.def)             Requested size: 326.11536pt x 68.65585pt.

Package caption Warning: The option `hypcap=true' will be ignored for this
(caption)                particular \caption on input line 291.
See the caption package documentation for explanation.


Underfull \hbox (badness 10000) in paragraph at lines 302--304

 []


Underfull \hbox (badness 10000) in paragraph at lines 302--304

 []


Class scrartcl Warning: Usage of deprecated command `\ifthispageodd'.
(scrartcl)              The command has been renamed because of a
(scrartcl)              recommendation of The LaTeX Project Team.
(scrartcl)              Please replace `\ifthispageodd' by `\Ifthispageodd' on 
input line 313.

[24 </Users/eric/Downloads/GenericPacketFinalEnglish.drawio.png> </Users/eric/D
ownloads/GenericPacketEnglishResponse.drawio.png>]
Underfull \hbox (badness 10000) in paragraph at lines 334--345

 []


Class scrartcl Warning: Usage of deprecated command `\ifthispageodd'.
(scrartcl)              The command has been renamed because of a
(scrartcl)              recommendation of The LaTeX Project Team.
(scrartcl)              Please replace `\ifthispageodd' by `\Ifthispageodd' on 
input line 349.

[25]
Underfull \hbox (badness 10000) in paragraph at lines 381--384

 []


Underfull \hbox (badness 10000) in paragraph at lines 387--426

 []


Underfull \hbox (badness 10000) in paragraph at lines 387--426

 []


Class scrartcl Warning: Usage of deprecated command `\ifthispageodd'.
(scrartcl)              The command has been renamed because of a
(scrartcl)              recommendation of The LaTeX Project Team.
(scrartcl)              Please replace `\ifthispageodd' by `\Ifthispageodd' on 
input line 426.

[26]

Class scrartcl Warning: Usage of deprecated command `\ifthispageodd'.
(scrartcl)              The command has been renamed because of a
(scrartcl)              recommendation of The LaTeX Project Team.
(scrartcl)              Please replace `\ifthispageodd' by `\Ifthispageodd' on 
input line 426.

[27]
Underfull \hbox (badness 10000) in paragraph at lines 467--469

 []


Class scrartcl Warning: Usage of deprecated command `\ifthispageodd'.
(scrartcl)              The command has been renamed because of a
(scrartcl)              recommendation of The LaTeX Project Team.
(scrartcl)              Please replace `\ifthispageodd' by `\Ifthispageodd' on 
input line 473.

[28]
Underfull \hbox (badness 10000) in paragraph at lines 478--502

 []


Class scrartcl Warning: Usage of deprecated command `\ifthispageodd'.
(scrartcl)              The command has been renamed because of a
(scrartcl)              recommendation of The LaTeX Project Team.
(scrartcl)              Please replace `\ifthispageodd' by `\Ifthispageodd' on 
input line 504.

[29]

Class scrartcl Warning: Usage of deprecated command `\ifthispageodd'.
(scrartcl)              The command has been renamed because of a
(scrartcl)              recommendation of The LaTeX Project Team.
(scrartcl)              Please replace `\ifthispageodd' by `\Ifthispageodd' on 
input line 541.

[30]
Underfull \hbox (badness 10000) in paragraph at lines 554--556

 []


Underfull \hbox (badness 10000) in paragraph at lines 560--595

 []


Class scrartcl Warning: Usage of deprecated command `\ifthispageodd'.
(scrartcl)              The command has been renamed because of a
(scrartcl)              recommendation of The LaTeX Project Team.
(scrartcl)              Please replace `\ifthispageodd' by `\Ifthispageodd' on 
input line 595.

[31]

Class scrartcl Warning: Usage of deprecated command `\ifthispageodd'.
(scrartcl)              The command has been renamed because of a
(scrartcl)              recommendation of The LaTeX Project Team.
(scrartcl)              Please replace `\ifthispageodd' by `\Ifthispageodd' on 
input line 595.

[32]
Underfull \hbox (badness 10000) in paragraph at lines 635--637

 []


Class scrartcl Warning: Usage of deprecated command `\ifthispageodd'.
(scrartcl)              The command has been renamed because of a
(scrartcl)              recommendation of The LaTeX Project Team.
(scrartcl)              Please replace `\ifthispageodd' by `\Ifthispageodd' on 
input line 637.

[33]
Underfull \hbox (badness 10000) in paragraph at lines 645--663

 []


Class scrartcl Warning: Usage of deprecated command `\ifthispageodd'.
(scrartcl)              The command has been renamed because of a
(scrartcl)              recommendation of The LaTeX Project Team.
(scrartcl)              Please replace `\ifthispageodd' by `\Ifthispageodd' on 
input line 663.

[34]
Underfull \hbox (badness 10000) in paragraph at lines 695--696

 []


Class scrartcl Warning: Usage of deprecated command `\ifthispageodd'.
(scrartcl)              The command has been renamed because of a
(scrartcl)              recommendation of The LaTeX Project Team.
(scrartcl)              Please replace `\ifthispageodd' by `\Ifthispageodd' on 
input line 699.

[35]

Class scrartcl Warning: Usage of deprecated command `\ifthispageodd'.
(scrartcl)              The command has been renamed because of a
(scrartcl)              recommendation of The LaTeX Project Team.
(scrartcl)              Please replace `\ifthispageodd' by `\Ifthispageodd' on 
input line 731.

[36]
Underfull \hbox (badness 10000) in paragraph at lines 766--768

 []


Underfull \hbox (badness 10000) in paragraph at lines 768--774

 []


Class scrartcl Warning: Usage of deprecated command `\ifthispageodd'.
(scrartcl)              The command has been renamed because of a
(scrartcl)              recommendation of The LaTeX Project Team.
(scrartcl)              Please replace `\ifthispageodd' by `\Ifthispageodd' on 
input line 774.

[37]

Class scrartcl Warning: Usage of deprecated command `\ifthispageodd'.
(scrartcl)              The command has been renamed because of a
(scrartcl)              recommendation of The LaTeX Project Team.
(scrartcl)              Please replace `\ifthispageodd' by `\Ifthispageodd' on 
input line 790.

[38]
Overfull \hbox (3.20775pt too wide) in paragraph at lines 812--814
\T1/cmr/m/n/12 The Vi-tal-Moni-tor-Wid-get serves as a com-pre-hen-sive vi-su-a
l-iza-tion tool for map-ping recorded
 []


Class scrartcl Warning: Usage of deprecated command `\ifthispageodd'.
(scrartcl)              The command has been renamed because of a
(scrartcl)              recommendation of The LaTeX Project Team.
(scrartcl)              Please replace `\ifthispageodd' by `\Ifthispageodd' on 
input line 817.

[39]
Underfull \hbox (badness 10000) in paragraph at lines 818--847

 []


Class scrartcl Warning: Usage of deprecated command `\ifthispageodd'.
(scrartcl)              The command has been renamed because of a
(scrartcl)              recommendation of The LaTeX Project Team.
(scrartcl)              Please replace `\ifthispageodd' by `\Ifthispageodd' on 
input line 847.

[40]

Class scrartcl Warning: Usage of deprecated command `\ifthispageodd'.
(scrartcl)              The command has been renamed because of a
(scrartcl)              recommendation of The LaTeX Project Team.
(scrartcl)              Please replace `\ifthispageodd' by `\Ifthispageodd' on 
input line 887.

[41]
Underfull \hbox (badness 10000) in paragraph at lines 901--908

 []


Underfull \hbox (badness 10000) in paragraph at lines 901--908

 []


Class scrartcl Warning: Usage of deprecated command `\ifthispageodd'.
(scrartcl)              The command has been renamed because of a
(scrartcl)              recommendation of The LaTeX Project Team.
(scrartcl)              Please replace `\ifthispageodd' by `\Ifthispageodd' on 
input line 911.

[42]

Class scrartcl Warning: Usage of deprecated command `\ifthispageodd'.
(scrartcl)              The command has been renamed because of a
(scrartcl)              recommendation of The LaTeX Project Team.
(scrartcl)              Please replace `\ifthispageodd' by `\Ifthispageodd' on 
input line 947.

[43]

Class scrartcl Warning: Usage of deprecated command `\ifthispageodd'.
(scrartcl)              The command has been renamed because of a
(scrartcl)              recommendation of The LaTeX Project Team.
(scrartcl)              Please replace `\ifthispageodd' by `\Ifthispageodd' on 
input line 983.

[44]

Class scrartcl Warning: Usage of deprecated command `\ifthispageodd'.
(scrartcl)              The command has been renamed because of a
(scrartcl)              recommendation of The LaTeX Project Team.
(scrartcl)              Please replace `\ifthispageodd' by `\Ifthispageodd' on 
input line 1007.

[45]

Class scrartcl Warning: Usage of deprecated command `\ifthispageodd'.
(scrartcl)              The command has been renamed because of a
(scrartcl)              recommendation of The LaTeX Project Team.
(scrartcl)              Please replace `\ifthispageodd' by `\Ifthispageodd' on 
input line 1050.

[46]

Class scrartcl Warning: Usage of deprecated command `\ifthispageodd'.
(scrartcl)              The command has been renamed because of a
(scrartcl)              recommendation of The LaTeX Project Team.
(scrartcl)              Please replace `\ifthispageodd' by `\Ifthispageodd' on 
input line 1087.

[47]

Class scrartcl Warning: Usage of deprecated command `\ifthispageodd'.
(scrartcl)              The command has been renamed because of a
(scrartcl)              recommendation of The LaTeX Project Team.
(scrartcl)              Please replace `\ifthispageodd' by `\Ifthispageodd' on 
input line 1131.

[48]
Overfull \hbox (4.65697pt too wide) in paragraph at lines 1139--1140
\T1/cmr/m/n/12 The de-vel-oped sys-tem suc-cess-fully pro-cesses and vi-su-al-i
zes ECG data in real time. Through
 []

</Users/eric/Desktop/APP Screens/RealTimeDrawing.jpg, id=1083, 722.7pt x 1606.0
pt>
File: /Users/eric/Desktop/APP Screens/RealTimeDrawing.jpg Graphic file (type jp
g)
<use /Users/eric/Desktop/APP Screens/RealTimeDrawing.jpg>
Package pdftex.def Info: /Users/eric/Desktop/APP Screens/RealTimeDrawing.jpg  u
sed on input line 1141.
(pdftex.def)             Requested size: 216.81166pt x 481.80373pt.

Package caption Warning: The option `hypcap=true' will be ignored for this
(caption)                particular \caption on input line 1142.
See the caption package documentation for explanation.


Class scrartcl Warning: Usage of deprecated command `\ifthispageodd'.
(scrartcl)              The command has been renamed because of a
(scrartcl)              recommendation of The LaTeX Project Team.
(scrartcl)              Please replace `\ifthispageodd' by `\Ifthispageodd' on 
input line 1142.

[49]
</Users/eric/Desktop/APP Screens/Display24HData.jpg, id=1088, 722.7pt x 1606.0p
t>
File: /Users/eric/Desktop/APP Screens/Display24HData.jpg Graphic file (type jpg
)
<use /Users/eric/Desktop/APP Screens/Display24HData.jpg>
Package pdftex.def Info: /Users/eric/Desktop/APP Screens/Display24HData.jpg  us
ed on input line 1146.
(pdftex.def)             Requested size: 216.81166pt x 481.80373pt.


Package caption Warning: The option `hypcap=true' will be ignored for this
(caption)                particular \caption on input line 1147.
See the caption package documentation for explanation.


Class scrartcl Warning: Usage of deprecated command `\ifthispageodd'.
(scrartcl)              The command has been renamed because of a
(scrartcl)              recommendation of The LaTeX Project Team.
(scrartcl)              Please replace `\ifthispageodd' by `\Ifthispageodd' on 
input line 1147.

[50 </Users/eric/Desktop/APP Screens/RealTimeDrawing.jpg>]
</Users/eric/Desktop/APP Screens/24HRecordingMode.jpg, id=1093, 722.7pt x 1606.
0pt>
File: /Users/eric/Desktop/APP Screens/24HRecordingMode.jpg Graphic file (type j
pg)
<use /Users/eric/Desktop/APP Screens/24HRecordingMode.jpg>
Package pdftex.def Info: /Users/eric/Desktop/APP Screens/24HRecordingMode.jpg  
used on input line 1151.
(pdftex.def)             Requested size: 216.81166pt x 481.80373pt.


Package caption Warning: The option `hypcap=true' will be ignored for this
(caption)                particular \caption on input line 1152.
See the caption package documentation for explanation.


Class scrartcl Warning: Usage of deprecated command `\ifthispageodd'.
(scrartcl)              The command has been renamed because of a
(scrartcl)              recommendation of The LaTeX Project Team.
(scrartcl)              Please replace `\ifthispageodd' by `\Ifthispageodd' on 
input line 1152.

[51 </Users/eric/Desktop/APP Screens/Display24HData.jpg>]

Class scrartcl Warning: Usage of deprecated command `\ifthispageodd'.
(scrartcl)              The command has been renamed because of a
(scrartcl)              recommendation of The LaTeX Project Team.
(scrartcl)              Please replace `\ifthispageodd' by `\Ifthispageodd' on 
input line 1157.

[52 </Users/eric/Desktop/APP Screens/24HRecordingMode.jpg>])

Class scrartcl Warning: Usage of deprecated command `\ifthispageodd'.
(scrartcl)              The command has been renamed because of a
(scrartcl)              recommendation of The LaTeX Project Team.
(scrartcl)              Please replace `\ifthispageodd' by `\Ifthispageodd' on 
input line 37.

[53]) (./thesis.bbl
Underfull \hbox (badness 10000) in paragraph at lines 52--57
\T1/CascadiaCode-TLF/m/n/12 com / help / bluetooth / gs / bluetooth -[] protoco
l -[] stack . html$[][]\T1/cmr/m/n/12 .  Ac-cesed:
 []

)
pdfTeX warning (ext4): destination with the same identifier (name{page.VI}) has
 been already used, duplicate ignored
<to be read again> 
                   \relax 
l.311 	\cleardoublepage
                       	 [6


]

Package natbib Warning: There were undefined citations.

(./thesis.aux (./titlepage.aux) (./affidavit.aux) (./acknowledgments.aux)
(./abstractEN.aux) (./confidentialityClause.aux) (./nomenclature.aux)
(./glossary.aux) (./mainpart.aux))
 ***********
LaTeX2e <2023-11-01> patch level 1
L3 programming layer <2024-02-20>
 ***********


LaTeX Warning: There were multiply-defined labels.

Package rerunfilecheck Info: File `thesis.out' has not changed.
(rerunfilecheck)             Checksum: D41D8CD98F00B204E9800998ECF8427E;0.
 )
(\end occurred inside a group at level 3)

### simple group (level 3) entered at line 555 ({)
### simple group (level 2) entered at line 232 ({)
### simple group (level 1) entered at line 110 ({)
### bottom level 
Here is how much of TeX's memory you used:
 41932 strings out of 474116
 837400 string characters out of 5743682
 2248187 words of memory out of 5000000
 62808 multiletter control sequences out of 15000+600000
 585453 words of font info for 90 fonts, out of 8000000 for 9000
 1141 hyphenation exceptions out of 8191
 108i,21n,107p,10922b,2605s stack positions out of 10000i,1000n,20000p,200000b,200000s

pdfTeX warning (dest): name{Hfootnote.7} has been referenced but does not exist
, replaced by a fixed one


pdfTeX warning (dest): name{Hfootnote.6} has been referenced but does not exist
, replaced by a fixed one


pdfTeX warning (dest): name{Hfootnote.5} has been referenced but does not exist
, replaced by a fixed one


pdfTeX warning (dest): name{Hfootnote.4} has been referenced but does not exist
, replaced by a fixed one


pdfTeX warning (dest): name{Hfootnote.3} has been referenced but does not exist
, replaced by a fixed one


pdfTeX warning (dest): name{Hfootnote.2} has been referenced but does not exist
, replaced by a fixed one


pdfTeX warning (dest): name{Hfootnote.1} has been referenced but does not exist
, replaced by a fixed one

</usr/local/texlive/2024/texmf-dist/fonts/type1/public/cascadia-code/CascadiaCo
de-Regular.pfb></usr/local/texlive/2024/texmf-dist/fonts/type1/public/amsfonts/
cm/cmex10.pfb></usr/local/texlive/2024/texmf-dist/fonts/type1/public/amsfonts/c
m/cmmi12.pfb></usr/local/texlive/2024/texmf-dist/fonts/type1/public/amsfonts/cm
/cmmi8.pfb></usr/local/texlive/2024/texmf-dist/fonts/type1/public/amsfonts/cm/c
mr12.pfb></usr/local/texlive/2024/texmf-dist/fonts/type1/public/amsfonts/cm/cmr
8.pfb></usr/local/texlive/2024/texmf-dist/fonts/type1/public/amsfonts/cm/cmsy10
.pfb></usr/local/texlive/2024/texmf-dist/fonts/type1/public/cm-super/sfbi1200.p
fb></usr/local/texlive/2024/texmf-dist/fonts/type1/public/cm-super/sfbx1095.pfb
></usr/local/texlive/2024/texmf-dist/fonts/type1/public/cm-super/sfbx1200.pfb><
/usr/local/texlive/2024/texmf-dist/fonts/type1/public/cm-super/sfbx1440.pfb></u
sr/local/texlive/2024/texmf-dist/fonts/type1/public/cm-super/sfbx2074.pfb></usr
/local/texlive/2024/texmf-dist/fonts/type1/public/cm-super/sfrm0600.pfb></usr/l
ocal/texlive/2024/texmf-dist/fonts/type1/public/cm-super/sfrm0800.pfb></usr/loc
al/texlive/2024/texmf-dist/fonts/type1/public/cm-super/sfrm0900.pfb></usr/local
/texlive/2024/texmf-dist/fonts/type1/public/cm-super/sfrm1000.pfb></usr/local/t
exlive/2024/texmf-dist/fonts/type1/public/cm-super/sfrm1095.pfb></usr/local/tex
live/2024/texmf-dist/fonts/type1/public/cm-super/sfrm1200.pfb></usr/local/texli
ve/2024/texmf-dist/fonts/type1/public/cm-super/sfrm1440.pfb></usr/local/texlive
/2024/texmf-dist/fonts/type1/public/cm-super/sfsc0900.pfb></usr/local/texlive/2
024/texmf-dist/fonts/type1/public/cm-super/sfsx1000.pfb></usr/local/texlive/202
4/texmf-dist/fonts/type1/public/cm-super/sfsx1095.pfb></usr/local/texlive/2024/
texmf-dist/fonts/type1/public/cm-super/sfti1200.pfb></usr/local/texlive/2024/te
xmf-dist/fonts/type1/public/cm-super/sfxc1440.pfb>
Output written on thesis.pdf (64 pages, 1699730 bytes).
PDF statistics:
 1511 PDF objects out of 1728 (max. 8388607)
 1363 compressed objects within 14 object streams
 755 named destinations out of 1000 (max. 500000)
 409 words of extra memory for PDF output out of 10000 (max. 10000000)

